tokenname_w_tokenid,time_est_buy,time_est_sell,price_buy,price_sell,currency_buy,currency_sell,hash_buy,hash_sell,wallet_address,pnl,pnl_w_fees
0N1 Force_1416,2021-10-05 20:04:44,2021-10-06 21:32:42,1.611,1.795,weth,eth,0xb2c64fa5270e596cfd065e7a6f7e0bf9f9fe8dab1011a90662dbc3b753a4f089,0x10248eeb1bd3541797d3a96e0d792308bdc9079e0123e0667314559895e822ce,0x0ecbba0ccb440e0d396456bacdb3ce2a716b96e5,0.18399999999999994,0.058350000000000124
0N1 Force_2284,2021-10-14 10:46:35,2021-10-17 10:36:22,1.2553999999999994,1.0,weth,weth,0x444864e6e18b1de3df2529d4fa8fd417b958d4c3bfa67df526ed8cbab9aa4d51,0xfe4c516b6f98f351b7445fa5e8f7d70de8f0c5ea5d4b5b4ba4765611f9f15c09,0x0ecbba0ccb440e0d396456bacdb3ce2a716b96e5,-0.2553999999999994,-0.32539999999999936
0N1 Force_2406,2021-11-01 18:46:38,2021-11-02 00:34:56,0.741,0.8794,weth,weth,0x598cb8462f646a413af1c72fe73d33d2c2effe632a2a61e1c4d37b34535a4ef8,0x110513bc348b01792627ee2737207dc43f59d708c575cc13d59b3808581020f0,0x0ecbba0ccb440e0d396456bacdb3ce2a716b96e5,0.13839999999999997,0.07684199999999997
0N1 Force_2455,2021-10-05 10:36:04,2021-10-05 11:47:05,1.6021,1.98,weth,eth,0xaad112aaf1a9ea773542ffa610603ece4fb917ba589f62734faaccc929b18ed3,0x8637613377d3f2302265b6180e3d699686391bf23dc388b0347054ff1703b6fa,0x0ecbba0ccb440e0d396456bacdb3ce2a716b96e5,0.3778999999999999,0.23930000000000007
0N1 Force_259,2021-09-27 02:43:12,2021-09-27 19:23:24,1.821,2.275,weth,eth,0x26cbf18ee8389861b8d57ee33a5d0131cb4429d76a2683e1a0604c7e4280a6c6,0xb19b6039f00ed332c50973a3050635f76b36612caf1d8952b49145f9b430f072,0x0ecbba0ccb440e0d396456bacdb3ce2a716b96e5,0.45399999999999996,0.2947500000000003
0N1 Force_2782,2021-10-07 15:20:46,2021-10-07 19:58:53,1.3880000000000001,1.939,weth,eth,0xededa6a58129f68e2c0094595a7738beeb615e6874798fc1c980256fe24bc023,0xd620e818194720478fd3a4314fcb79047f7842d885819dd4be0b5dbf5c895d14,0x0ecbba0ccb440e0d396456bacdb3ce2a716b96e5,0.5509999999999999,0.41527000000000003
0N1 Force_3127,2021-09-25 22:37:39,2021-09-26 01:16:06,1.882,2.38,weth,eth,0x580e492fd836917ed70e154278eefa31affb9434671f8b8aaea9f6aca53d0c13,0x9a6ec9a5d8fcc78b2c7d5e58ebd179569e576c99615a55a90c5e5c3bc04d64d9,0x0ecbba0ccb440e0d396456bacdb3ce2a716b96e5,0.498,0.33140000000000014
0N1 Force_4197,2021-09-26 20:23:23,2021-09-26 20:44:05,1.9709999999999999,2.385,weth,eth,0xeb2cddd2ba45cb93c40c54267ba7403cb6b555a090e28889b38f9e4e8f61f4de,0x21ae218e565f793cea5225364875af080d17b936b1e59d01a4ecb08c07880d70,0x0ecbba0ccb440e0d396456bacdb3ce2a716b96e5,0.4139999999999999,0.24705
0N1 Force_4449,2021-09-17 17:22:41,2021-09-24 21:55:52,1.9325,2.1,weth,eth,0x1870c069937e8a157a2807628396468b54df6230e74599ddff25bc0f0b7677db,0xeff0588b830cf0f747d5f68b293a9b5c2c06d7eb53cb19eae853e8c52036bebf,0x0ecbba0ccb440e0d396456bacdb3ce2a716b96e5,0.16749999999999998,0.020500000000000185
0N1 Force_4522,2021-11-08 09:51:42,2021-11-08 21:06:34,0.7098,0.815,weth,eth,0xdd41a49c86890515b1ceb3e3e5dd0c99f1a4d0f2c3e9125e93ed07d2d342361c,0x4b742776ff66e16a718aa8c8232c4883056d7cf24bbbdf11aacaed9cf93706b8,0x0ecbba0ccb440e0d396456bacdb3ce2a716b96e5,0.10519999999999996,0.048150000000000026
0N1 Force_546,2021-10-02 12:54:45,2021-10-02 14:49:38,1.801,2.29,weth,eth,0x83476bd7b5766e20dab9b1395920eebe25a845b96febdfd59eb61a74597f8867,0xf7126bbb4f08c445344b8a6369c183c9e58f9fa04aabb13004e6461fa423fb4f,0x0ecbba0ccb440e0d396456bacdb3ce2a716b96e5,0.4890000000000001,0.3287000000000002
0N1 Force_6157,2021-10-16 19:46:11,2021-10-17 10:37:41,1.001,1.0,weth,weth,0x0342ba4c77bdb218ca8c8311fa1c0ea8103a7b1ea832171657604b64f0f19cdb,0xdc06cd62150428bd3e8d700b35a9dbe0c4761bab59540fe4540a498991c343e8,0x0ecbba0ccb440e0d396456bacdb3ce2a716b96e5,-0.0009999999999998899,-0.07099999999999984
0N1 Force_6404,2021-09-24 15:29:33,2021-09-24 16:30:22,1.5059999999999998,1.79,weth,eth,0xb76b8406d8a94aac0f306a507104cdba708d0ec528e4c601bdaa75b2e1e04d22,0x0842eb8a4921cd1a31437be594e7b7dc075255e223b4b3cd0fa83a01301929b4,0x0ecbba0ccb440e0d396456bacdb3ce2a716b96e5,0.28400000000000025,0.15870000000000029
0N1 Force_7619,2021-10-06 09:38:10,2021-10-07 09:42:01,1.4609999999999999,1.795,weth,eth,0xf261340d59d02c091302f93f63c2fbb9a5e9189266cbb0c26f3ad136c8e6db22,0xcd85d4881638177e6ec53480b1e44a559977499276e4facc873f77d400463e27,0x0ecbba0ccb440e0d396456bacdb3ce2a716b96e5,0.3340000000000001,0.20835000000000026
Anonymice_2226,2021-11-13 19:54:08,2021-11-14 03:42:17,1.351,1.65,weth,eth,0x6fb2fdce370dd2381c432484b1f031bea4ce0c7838fc75142604557d0bc5da9e,0xd363e893cfe85e75c90d9e9a60fc1c47de53354cd56eb8d01f4e3a815327793d,0x0ecbba0ccb440e0d396456bacdb3ce2a716b96e5,0.29899999999999993,0.1835
Anonymice_2657,2021-10-17 23:48:22,2021-10-18 04:57:09,4.2010000000000005,5.76,weth,eth,0x9627fc0f0e5f99a2ba4c30f2be0984ad7d9dd313876e0bff141b39ee0cd0848e,0xd7e71955de450cbb439b8d0e69ab95a66feaa8960e6da3094a20630a85b14072,0x0ecbba0ccb440e0d396456bacdb3ce2a716b96e5,1.5589999999999993,1.1557999999999993
Anonymice_3006,2021-11-10 18:10:14,2021-11-11 13:42:03,1.194,1.84,weth,eth,0xeff4f1562a19a5dab295a667380020e7d680ce075436e5fc8095f7f30f41f500,0x2c1a2ffe141df10df8f0d7128b853fc5f3abc25b3b9beea8c61f55389b3a2092,0x0ecbba0ccb440e0d396456bacdb3ce2a716b96e5,0.6460000000000001,0.5172000000000001
Anonymice_3656,2021-11-08 08:40:22,2021-11-08 17:12:21,1.6069999999999998,2.13,weth,eth,0xb4e37aae2c46a5ebac8455b5683f2a8405d7a9287103546282791ea0aa547f06,0x7bfab98539735ae45409a426de118ee8cd32e1a7ae25ae4626245c3b95760374,0x0ecbba0ccb440e0d396456bacdb3ce2a716b96e5,0.5230000000000001,0.37390000000000034
Anonymice_7220,2021-11-01 11:30:42,2021-11-01 11:46:52,2.001,2.0,weth,weth,0xc354dd7c775cda46a91bafeddc4ad26d1a610c8b72ceb434de92506670a4f9a7,0xb51d369f947771e5ba3279ad81f915bf7c1b86d44d934358f3d68a5a5e3f8503,0x0ecbba0ccb440e0d396456bacdb3ce2a716b96e5,-0.0009999999999998899,-0.1409999999999998
Anonymice_7464,2021-11-13 19:05:11,2021-11-13 23:10:41,1.371,1.59,weth,eth,0x0a51b5c1d8246ab0a8f002d21b0e21a566002fe99f2f69837d4bab8fccc0fce8,0x3a21055a2cc1488263a240d846d87692f236a6610872b2418b379c176d418355,0x0ecbba0ccb440e0d396456bacdb3ce2a716b96e5,0.21900000000000008,0.10770000000000013
Anonymice_7488,2021-11-13 19:11:43,2021-11-14 02:59:44,1.371,1.65,weth,eth,0x6bf76911f055d8b2a82c2e98e9570cd0069e6096780b0250a99ef438159b3287,0x0f5bccd5b996b665a546f220f9187ffb6e275327c61491ea7455d6a3b2a2b484,0x0ecbba0ccb440e0d396456bacdb3ce2a716b96e5,0.2789999999999999,0.16349999999999998
Anonymice_7895,2021-11-02 22:27:14,2021-11-03 07:16:12,1.42169,1.73,weth,eth,0xd1c7daa21a8c16aa26592db1a838f7180e854551676805949dfa1eff39e52ca7,0x3d813b85c02a44710b586ca23ca012573accf811d2707ded09b609c61e6774e3,0x0ecbba0ccb440e0d396456bacdb3ce2a716b96e5,0.3083100000000001,0.1872100000000001
BoredApeKennelClub_3235,2021-10-12 04:22:51,2021-10-13 11:37:43,2.4238,2.6,weth,weth,0x1c6a319fb4962c7356fefe4dd5c4969b48099fbf62dcc55bab44ab47eec9a09a,0x0c6cf76ad5d1002da026bdda5fe88d2f863818fab0d8b2b49bb5814f49ffdecb,0x0ecbba0ccb440e0d396456bacdb3ce2a716b96e5,0.17620000000000013,-0.005799999999999805
BoredApeKennelClub_4958,2021-11-25 08:41:48,2021-11-25 11:05:32,2.4462999999999995,2.88,weth,eth,0xc4fd8141c9112fab9dbcbedd451307c3aaeb97ad0f737b7afdae21da0e70130f,0xa09c96e9d259d0197e7b009eda7100f39c1d16f882293da3deff9c7b332cf189,0x0ecbba0ccb440e0d396456bacdb3ce2a716b96e5,0.4337000000000004,0.23210000000000042
BoredApeKennelClub_8941,2021-11-25 08:34:13,2021-11-25 10:25:19,2.3573999999999984,2.88,weth,eth,0x70358853c0585a3ada773ba537b8585f493b1b161bc6c9271a1efd7f1018d349,0x37e738748e5ded09be5da32d128bee830d74f3e49a8a6b1a4f26b7628cdf7178,0x0ecbba0ccb440e0d396456bacdb3ce2a716b96e5,0.5226000000000015,0.3210000000000015
BoredApeKennelClub_9943,2021-10-18 04:16:53,2021-10-18 23:51:48,1.801,1.83,weth,weth,0xb7541ad4411df5f28a14745b4c62dd2c2c02e0f32fdfed4f5e09d77729cd9499,0xa9d1c06fde5afd504f325f1ec27218a825a717171dc80cf477b16be8ab884023,0x0ecbba0ccb440e0d396456bacdb3ce2a716b96e5,0.029000000000000137,-0.09909999999999974
Cool Cats_6653,2021-10-24 09:09:08,2021-10-26 00:50:48,7.3912,8.64,weth,eth,0xee6ceb1fed1739efea1bec68450def83580cd636a9d165a43a2c76eda0991273,0xc59a9ca044bc97403439eab9a2922ae3a139fe13226f5b2c99e813631526b5bb,0x0ecbba0ccb440e0d396456bacdb3ce2a716b96e5,1.2488000000000001,0.644000000000001
Cool Cats_8209,2021-11-16 19:53:38,2021-11-20 04:11:46,7.584,8.44,weth,eth,0x404a289f149c9105c783657319d1ae6c2d8b85939cfb83eb8bfe5de3cb4f0168,0x4bbd892124af42cba17c9821766b912f854689a1a752e20b1b4f438c1bf6ea9b,0x0ecbba0ccb440e0d396456bacdb3ce2a716b96e5,0.8559999999999999,0.2652000000000001
Creature World_1069,2021-10-20 02:19:31,2021-10-20 04:26:08,2.301,2.6689999999999996,weth,eth,0x19a93b9486749b2431b94f542504c277c69c5567109badb6106ea6060ed3bd91,0x381f6fc47bee5b6263291c6a6ff1f10a2206db81d277c288866088437d7f5fa6,0x0ecbba0ccb440e0d396456bacdb3ce2a716b96e5,0.36799999999999944,0.1811699999999994
Creature World_1157,2021-10-01 13:47:16,2021-10-01 14:00:32,2.5479,2.94,weth,eth,0xe317f8a2942ba44f3874b297e18bcf7804294f2df4d08e4bed79306f4a88bcf9,0x8216282b05be3e0ca06e0b7950c50c7b59e40c5f1abb5a07ca2c4db52684e1b1,0x0ecbba0ccb440e0d396456bacdb3ce2a716b96e5,0.3921000000000001,0.18630000000000013
Creature World_1891,2021-09-30 10:43:30,2021-09-30 13:25:52,3.3009999999999997,3.69,weth,eth,0xed8631c138d4b235f19da859d8427d335d6f79e33cc153fb388e6be0d0e4c8f3,0x2654196d2374a60437939d8469e36413ba0c91f853f99e15db4e241b869f58ce,0x0ecbba0ccb440e0d396456bacdb3ce2a716b96e5,0.38900000000000023,0.13070000000000048
Creature World_5186,2021-10-20 01:15:34,2021-10-20 03:01:10,2.301,2.59,weth,eth,0x48f78fba0932a53747097ecc12d0b9b4eb874220ac85b1b21f7fc420d03f6fa8,0x450fa5f8e04e3666be13f6ee0297c2ef09bd06e255f0659a3d9e67e5baa555c9,0x0ecbba0ccb440e0d396456bacdb3ce2a716b96e5,0.2889999999999997,0.1076999999999999
Creature World_554,2021-10-17 20:52:02,2021-10-18 01:44:07,1.931,2.375,weth,eth,0x096f1aa5c490badc1f51ee65c5e5e4eb36e1ea2b326906461e566a4a008e9b50,0x27a457dead6a03231fc0374967aa39a226d1582b4b9ddae6881d10e45a3d3d84,0x0ecbba0ccb440e0d396456bacdb3ce2a716b96e5,0.44399999999999995,0.27775000000000016
Creature World_5635,2021-10-17 20:54:33,2021-10-18 04:30:35,1.7674,2.375,weth,eth,0xf4726655faa3ea4b5a7e994af882e106e5dddce0e57c352a94e427112a3bc017,0x0f008e54904f826b5073e26d65e14546b16ccd145909091235312484ac667315,0x0ecbba0ccb440e0d396456bacdb3ce2a716b96e5,0.6075999999999999,0.44135000000000013
Creature World_5826,2021-10-28 21:48:29,2021-10-31 01:53:55,1.601,1.59,weth,eth,0x70fbc82de4fe423b32d9b88a24b1fae597df6fc520138d9fd78d300e847ef45c,0x2428749aef1735e951b4e41e3957ed285a035a8bf59a1b2187c535471ab208d0,0x0ecbba0ccb440e0d396456bacdb3ce2a716b96e5,-0.010999999999999899,-0.12229999999999985
Creature World_6006,2021-10-28 19:15:33,2021-10-31 02:55:32,1.615,1.59,weth,eth,0x0b4042f5b3546dbb3e55cecdbb76b866d056afca800edbb142f766b6dd8b7e9d,0x832c0012a19c214535200081f73ec2b70bd2b74e5f28d1cea2a9d20ed08c2da1,0x0ecbba0ccb440e0d396456bacdb3ce2a716b96e5,-0.02499999999999991,-0.13629999999999987
Creature World_6216,2021-10-28 20:34:58,2021-10-29 13:22:19,1.601,1.81,weth,eth,0x454734093a7cf4aa0b3942ad0d383ca0656a019532446ae40caec71570b697f4,0x6df9919cbe123c832a6b686b93e5eba661d2abf8d348f3ca80db3fc9b6a7f4d8,0x0ecbba0ccb440e0d396456bacdb3ce2a716b96e5,0.20900000000000007,0.08230000000000026
Creature World_7411,2021-10-16 08:54:03,2021-10-16 10:27:38,1.901,2.28,weth,eth,0xd0a723e1635059b155683974064719ebfd0b9302dab5723309348c1d9e2c32c9,0xb5bf17a003e73d957468ebe166c638bd2eb4cb7cb4a32080db3130b5a9511409,0x0ecbba0ccb440e0d396456bacdb3ce2a716b96e5,0.3789999999999998,0.21940000000000004
Creature World_8808,2021-10-20 12:03:41,2021-10-20 15:44:01,2.138001,2.349,weth,eth,0x8ddc877159b7ee6b1139bb557282db1a0a21f2c795fffdb23a2c6add6f180065,0xcd13cc8da3b01a5c9f0db5463ad953a5d52677c7ee2917bc416498bd7bee4361,0x0ecbba0ccb440e0d396456bacdb3ce2a716b96e5,0.21099900000000016,0.046569000000000305
Cryptoadz_1355,2021-10-11 13:10:05,2021-10-12 10:42:39,6.101,7.385,weth,eth,0x9d15b9934c24acbacd9ae7db098c5b20ad3298bc94aa24aa9b971871b5c3e87f,0x2049a9ddee43670011e5946ccbd147b20f29fe4ccb1d230887324d8ff1dff90a,0x0ecbba0ccb440e0d396456bacdb3ce2a716b96e5,1.2839999999999998,0.7670500000000002
Cryptoadz_1606,2021-10-28 13:50:23,2021-10-31 20:23:06,4.541700000000001,4.79,weth,eth,0xc70456f88c420c92d9f0c0af14419825b302ca75c37fcde299f3330731150cc4,0x50d90e3b085a746c4c47da615c13d0d76a0ec441615fff10884e9a5856b56cda,0x0ecbba0ccb440e0d396456bacdb3ce2a716b96e5,0.24829999999999863,-0.08700000000000152
Cryptoadz_2589,2021-10-21 07:37:39,2021-10-21 10:38:16,4.301,4.845,weth,eth,0x7b3ea46c363838d4587727b6a350d4a387f64f1470ec2c42c9a0280b6fd28d14,0x365cd1afa923dd2963ba09fc719199e5694efa3ce21dc289b7cad98d859da0bd,0x0ecbba0ccb440e0d396456bacdb3ce2a716b96e5,0.5439999999999996,0.20484999999999953
Cryptoadz_2832,2021-10-18 13:41:37,2021-10-18 22:53:37,4.2010000000000005,5.0,weth,eth,0x292bf83f4d5228de819775daf724bcc7e82679d619c08824141231889a362acf,0xe9c30d98fb60083a2e3ae331eef793fc26092a8fd55b13f312359604a6ca940d,0x0ecbba0ccb440e0d396456bacdb3ce2a716b96e5,0.7989999999999995,0.44899999999999984
Cryptoadz_2890,2021-10-18 18:46:33,2021-10-19 17:40:53,4.2010000000000005,4.3,weth,weth,0x46bf20ec8fbb8771c014e093f93ec488d35a96a26b76702fe135b22f4e4be008,0x83cc264cb6b444ca4d46e59590ab62bd020b7f4c12b4c53e3d3896d9f1f0ad10,0x0ecbba0ccb440e0d396456bacdb3ce2a716b96e5,0.09899999999999931,-0.2020000000000004
Cryptoadz_2943,2021-10-18 19:18:57,2021-10-19 19:25:22,4.5757,4.48,weth,eth,0x98a24d28a831df8d61b18da3a6fc9ee4008f5a6db95a3f7e29a920fc90e746d9,0x8242364a38840279ed0127ba56fccce2db9efc6ecc7dffa8704f64d892cbad11,0x0ecbba0ccb440e0d396456bacdb3ce2a716b96e5,-0.0956999999999999,-0.4093
Cryptoadz_3169,2021-10-11 01:20:34,2021-10-11 01:44:45,7.0285,7.69,weth,eth,0x5c963ab2f69543e55e5ac483910fb95b78ed77dd0e36e4fd904625d94e7ffe3d,0x83f4763e12f8c8e7fac8fa7cc09128551e4c57d73292bacdf6516c12c08411b6,0x0ecbba0ccb440e0d396456bacdb3ce2a716b96e5,0.6615000000000002,0.12320000000000064
Cryptoadz_3343,2021-11-16 14:40:13,2021-11-16 18:34:54,4.9184,5.89,weth,eth,0x0eeaff4251ff9d06acc357bfe9e433a6038346c0340575ccd9c750e28634280f,0xf059a0eeaa5d85613a8b9caf71e0524b89522c3be3f6059c696185709fcebbce,0x0ecbba0ccb440e0d396456bacdb3ce2a716b96e5,0.9715999999999996,0.5592999999999995
Cryptoadz_3498,2021-10-29 08:10:00,2021-11-03 20:05:32,4.251,3.86,weth,eth,0x714d25e7c9cb5e3e9c9f96ff9fbedbc8c939cfc6ace7b9dac936e089e820f242,0xf43cd35538cc33cdd361ec103bc21a30063800ddc049707e39bd15f3b0e74ed0,0x0ecbba0ccb440e0d396456bacdb3ce2a716b96e5,-0.39100000000000046,-0.6612000000000005
Cryptoadz_41,2021-10-01 13:10:35,2021-10-01 14:39:46,4.3199000000000005,5.15,weth,eth,0xd3675c6d3b80764dcee5d40b852c661036c363ddc1013b7205399a09cf21f4be,0x80bb58ec227444c976b2cd8ff7b89ded813a82ab9fde10e0244e1c58c10b9a14,0x0ecbba0ccb440e0d396456bacdb3ce2a716b96e5,0.8300999999999998,0.4695999999999998
Cryptoadz_4492,2021-10-24 17:34:57,2021-10-27 05:05:37,5.601,5.84,weth,eth,0x51fba366f50e3b8db52e5f8156f9fb2986c509716b0b0dcca760d84cc1b892ff,0xb08c1d3bd10a481c7dc89ac0ac8437ef5fcbdf02ac671d64b96be6bf8bcbe741,0x0ecbba0ccb440e0d396456bacdb3ce2a716b96e5,0.23899999999999988,-0.1697999999999995
Cryptoadz_4593,2021-11-12 03:45:57,2021-11-12 11:24:08,3.1510000000000002,4.19,weth,eth,0xfcc629577fdb85ba0592ead12abd820c1a650469bc62e4d057271a6a02d77e77,0xd2b13e407de752f3098b93517c7b02cda6da6e7a534fa0a26cb785dce11bd956,0x0ecbba0ccb440e0d396456bacdb3ce2a716b96e5,1.0390000000000001,0.7457000000000003
Cryptoadz_5376,2021-10-24 21:36:45,2021-10-24 22:23:53,5.7010000000000005,6.689,weth,eth,0xdb70e40ed3ed07670579a1c3771cf4efad54fd399cb7c2397d7877632cc76d92,0x95128b27524aab23577bc0b8619a021b19e7f356e50c2ac20424b522ee2de6d3,0x0ecbba0ccb440e0d396456bacdb3ce2a716b96e5,0.9879999999999995,0.5197700000000003
Cryptoadz_6913,2021-10-01 16:50:52,2021-10-01 19:13:12,4.301,4.79,weth,eth,0x446fd34b36049bced2da1deaa61df546a4d3841494eb252f451a3cc3fe0c9bfc,0xb89f9fc6723c50722ade159e5d12000ae012f7147552cd199d436e36cb0b2fcd,0x0ecbba0ccb440e0d396456bacdb3ce2a716b96e5,0.4889999999999999,0.15369999999999973
Cryptoadz_910,2021-10-20 10:51:49,2021-10-20 17:30:58,4.2416,4.78,weth,eth,0x0b21cdb93b4d2f183bc70bfaabe20df3e88c0300839eeaf424f78c17bec21b4e,0x1c5fc1975d21d308077a493186d0a6ec072302f45b3a243f77950ba37abfe9dc,0x0ecbba0ccb440e0d396456bacdb3ce2a716b96e5,0.5384000000000002,0.2038000000000002
CyberKongz VX_10335,2021-10-13 02:31:13,2021-10-13 11:57:26,0.9359999999999999,1.35,weth,eth,0xd649ebe4ce780f1abf0cae975db70b48922d29f84933c6bdcdf69afa89cbe43a,0xbc93c2a64657596b688eed9ebaad4db3038af0b3a9738317076d6b9b016f8bd5,0x0ecbba0ccb440e0d396456bacdb3ce2a716b96e5,0.41400000000000015,0.3195000000000001
CyberKongz VX_11923,2021-10-08 19:22:04,2021-10-09 06:55:08,1.5190000000000001,1.859,weth,eth,0x216813835462f409c57c0a46f1faba306f56b8f0357e379f82bb4bd3be462171,0xdeb654c2fec14e41d83b129f7aaaaaccefce6e59c57d10561580c20135899b99,0x0ecbba0ccb440e0d396456bacdb3ce2a716b96e5,0.33999999999999986,0.20987
CyberKongz VX_12181,2021-10-15 00:07:01,2021-10-15 00:37:55,0.9363,1.32,weth,eth,0x77e8af5c2b8a3fc639cef389b7e6dd606761be0acd5c8a96a65ebf75c971b593,0x64de9129a2e1f14eb25008e30680bd63f66f992ae2fa525965ced7bb1e6aef3e,0x0ecbba0ccb440e0d396456bacdb3ce2a716b96e5,0.38370000000000004,0.2913
CyberKongz VX_13186,2021-10-09 20:29:32,2021-10-10 01:07:09,1.1959999999999995,1.71,weth,eth,0x8d6d8326ca5af549c57f3b52c589c80644638b68aacbbe29d2f2bc4713589aa7,0x934186cd0a7c383f04d5b556327398cb99410d17f7f67a0ffd9dd6337b324511,0x0ecbba0ccb440e0d396456bacdb3ce2a716b96e5,0.5140000000000005,0.39430000000000054
CyberKongz VX_2541,2021-11-02 09:16:18,2021-11-02 11:17:33,0.8109999999999999,1.079,weth,eth,0xdb0ea3847a2e8809ba3ad6ee63077963d21f053fef6aa529dbc19e8de8672b4a,0x932e7fa9987455cf1d93728cf231796d946da1074b0770bb5c2f0631b4d902cd,0x0ecbba0ccb440e0d396456bacdb3ce2a716b96e5,0.268,0.19247000000000014
CyberKongz VX_5379,2021-10-19 11:49:37,2021-10-19 14:19:04,0.951,1.0418,weth,weth,0xe299ca539f0c2d711762fafabea8c3a6edade1f95dedf0286e73a70f06a181a5,0x1a101b984f1a92092c3ab39de69fd6b2c5f9d34bf5dbbcc5b1b010813727f3f5,0x0ecbba0ccb440e0d396456bacdb3ce2a716b96e5,0.0908000000000001,0.017874000000000168
CyberKongz VX_5623,2021-10-13 02:33:32,2021-10-13 12:24:12,0.973,1.35,weth,eth,0x8f59d7ccfbd570c95699f6cd17b7aafe2479913e311cc248a290f5c48fa96bcc,0x252baa1aafb8d8aaa794c796b970ec62a6a6758bead3f19984713bd14d9659b7,0x0ecbba0ccb440e0d396456bacdb3ce2a716b96e5,0.3770000000000001,0.2825000000000001
CyberKongz VX_8235,2021-10-13 02:34:28,2021-10-13 12:11:08,0.9939,1.35,weth,eth,0x382741015c7cdecaae9f27d892d064abe64ffc07fbf0ddf462f8aca741073128,0x7baecf269ea146cc949ee98ce255eaa8e0f8220fac85e5964a6ee15b6090dd54,0x0ecbba0ccb440e0d396456bacdb3ce2a716b96e5,0.3561000000000001,0.26160000000000005
CyberKongz_3760,2021-10-12 22:10:42,2021-10-13 11:42:14,8.638,10.0,weth,eth,0x4bb2e2a8b614ea749e3cdcdf561129a296c096aad7f554b18ba53024df99bd60,0x653b9fb8dc65497d317d91900beb8aa22b9a06d25884ae729fc6f9350fd49c51,0x0ecbba0ccb440e0d396456bacdb3ce2a716b96e5,1.362,0.6620000000000008
CyberKongz_3973,2021-10-21 12:04:57,2021-10-21 16:01:08,5.501,6.28,weth,eth,0xb5c5c4b0a5aafc91ee0c552082802022b5fa2d18b27fb88ef5ad1c8e7ccb1b1e,0x71da97cbee20192e015d087c1a3f786186e07310c03ce0ebd9ffb99b7110cea7,0x0ecbba0ccb440e0d396456bacdb3ce2a716b96e5,0.7789999999999999,0.33940000000000037
CyberKongz_3983,2021-10-15 03:44:44,2021-10-15 12:17:56,7.2010000000000005,7.68,weth,eth,0xc3f66d5c1fc6f386432addaf2bb6a4b43aff1ac7615eb9cb132f957c9b9233d8,0x8d95a8264d611a7bacac68d10b7853e1fca55b2b2a7ec081fda519de7e493488,0x0ecbba0ccb440e0d396456bacdb3ce2a716b96e5,0.4789999999999992,-0.05860000000000021
DeadFellaz_4218,2021-10-03 20:48:32,2021-10-03 21:02:45,1.1398,1.349,weth,eth,0xc39b8b4fb849524c0dd1816a4338ae4dc28eeac60ffd5410f741335baa395acd,0x1fc3e39352b07c054847602669ebc104927cbdcb9c8e88e55c0125fcabb51a07,0x0ecbba0ccb440e0d396456bacdb3ce2a716b96e5,0.20920000000000005,0.11477000000000004
DeadFellaz_9256,2021-10-02 20:58:12,2021-10-03 00:14:26,1.1709999999999998,1.44,weth,eth,0xad9a4eac3d253dba586fdf64e3b566b170e92a45c3fa5ec1653845f89d68b9cc,0xcaa3dd31eea1dd77d00c499e8481a1ea0fdc9abd88557133b9b6dd962e0396d2,0x0ecbba0ccb440e0d396456bacdb3ce2a716b96e5,0.26900000000000013,0.16820000000000013
Doodles_2948,2021-10-23 16:50:00,2021-10-23 17:46:07,1.361,1.7990000000000002,weth,eth,0xce64f4fd4560a6e9bc755870ac922ef587f4432435d8727258225fa4aafe860d,0x3aa205b26a73aea0be7018c4d9e135be91f4c591d97d7910ce001c1c64e6d040,0x0ecbba0ccb440e0d396456bacdb3ce2a716b96e5,0.43800000000000017,0.3120700000000003
Doodles_6519,2021-11-09 15:44:39,2021-11-09 18:48:43,0.97451,1.15,weth,eth,0x24fc536266e5916d726a19ec4f7ce2fb4d22d774128174114fc7444e7a5fc685,0xfab7f6f03e7ab0815fd7ba90d0a5aef2674861787f8843dcbe7cc59633642249,0x0ecbba0ccb440e0d396456bacdb3ce2a716b96e5,0.17548999999999992,0.09498999999999991
Doodles_6902,2021-10-31 23:50:28,2021-11-01 01:12:12,0.878,1.079,weth,eth,0x32e19bedde1b1a79aa19c44e7bb62ad1a104cf555a46e107231c39b9fa6e1a01,0xfe4e9babdf5b24b06d005f048f9b17c675ba8f9a9cc4d25f55cf8207c0235fdf,0x0ecbba0ccb440e0d396456bacdb3ce2a716b96e5,0.20099999999999996,0.12547000000000008
Doodles_9998,2021-12-03 02:33:45,2021-12-03 11:03:35,1.9321,2.59,weth,eth,0xc63dc516ed16d424e754fd82caeaaac3c902c8bd0d1663f36de392106b290fc2,0xa6ef52d64f2cef57d928663c400b88e2275e919b565270e5e97a506e6219bcd2,0x0ecbba0ccb440e0d396456bacdb3ce2a716b96e5,0.6578999999999999,0.47660000000000013
Galactic Apes_1057,2021-10-21 17:57:03,2021-10-21 22:46:55,1.001,1.149,weth,eth,0x9335d6d3b290de4d32a55e39506c01b4e20e4241704d4d0556eb1e20fe3c17a9,0xe667c5b52528741e5ef7547dc06c656bc4fda723cc2deb20efa05eb271aa6c2a,0x0ecbba0ccb440e0d396456bacdb3ce2a716b96e5,0.14800000000000013,0.06757000000000013
Galactic Apes_1183,2021-10-15 21:23:18,2021-10-16 01:34:58,1.001,1.18,weth,eth,0x74102cdd03e057c184e574f859cd9051d73988a81458656798ccb15431fedf68,0xc52b857c15ceee236f15bf3ac23a98673987732a0080bde723156e6a21d82dca,0x0ecbba0ccb440e0d396456bacdb3ce2a716b96e5,0.17900000000000005,0.09640000000000004
Galactic Apes_3177,2021-10-16 14:49:45,2021-10-16 16:22:50,0.9128000000000002,1.199,weth,eth,0x18cbb291e7e215c6f5169c6499900ffba5d9b0653b671fadd6d9eb7583b74180,0x12a0469862d8427b5181ca2278f49603bd45d1c163cf5b71c3adaa4ff1008c1e,0x0ecbba0ccb440e0d396456bacdb3ce2a716b96e5,0.2861999999999999,0.20227000000000006
Galactic Apes_6335,2021-10-11 15:43:25,2021-10-11 17:01:54,1.2109999999999999,1.649,weth,eth,0xec6fbadeb5ab0a6d4b2172ef61658ddf584408400cd65d3b657216fd84a8eb64,0xe8264f64b20dbc2b4db3cf6a13356325ac616035f6ed4e3af61ad2f1c3d32e8a,0x0ecbba0ccb440e0d396456bacdb3ce2a716b96e5,0.43800000000000017,0.32257000000000025
Galactic Apes_7699,2021-10-22 12:38:13,2021-10-22 13:13:58,0.961,1.149,weth,eth,0x458f05434db14ba44c85cd6ac5d58f00aa3fd0253d7a2c9ad70f171a1a1c9f75,0xc56e61122dba52dc2ecfc90978ebc4bc4b8a71623c70bbcb2401a5082f83eb27,0x0ecbba0ccb440e0d396456bacdb3ce2a716b96e5,0.18800000000000006,0.10757000000000005
Galactic Apes_7787,2021-10-04 13:56:43,2021-10-04 15:21:56,1.951,2.44,weth,eth,0xe2395235adfb2ee815f5b39ce8dda548a48e62c1cedd824431892ac2e41b0d8d,0x81db064eb48e61443075e45617ad9ad26e4fd507bc28fde332b84cdc940b2541,0x0ecbba0ccb440e0d396456bacdb3ce2a716b96e5,0.4889999999999999,0.31820000000000004
Galactic Apes_9571,2021-10-11 03:00:06,2021-10-11 11:48:36,1.511,1.676,weth,eth,0x2b2ec21a4c2b8c2e63dbd5f5955a7941e6b2dfb658a26f46ad822a45f64a8cf9,0x9761eff27ac2bfc33de123394c38502043d71ee48315d25c1920beeb5c7f5a03,0x0ecbba0ccb440e0d396456bacdb3ce2a716b96e5,0.16500000000000004,0.04768000000000017
Gutter Dogs_1820,2021-10-06 00:22:48,2021-10-11 10:30:28,1.118999999999999,0.9890000000000001,weth,eth,0xa30ec3fed2c01dd8d00f332cfe409ca493789cbbf38a7c6c8726fc2b694ae119,0xae588d4d30c67e35b1b2f0d2fe3ddb7986d9c9b2b62fbcf4c0891d97157af85a,0x0ecbba0ccb440e0d396456bacdb3ce2a716b96e5,-0.129999999999999,-0.19922999999999902
Gutter Dogs_2523,2021-10-05 19:33:40,2021-10-12 12:29:01,0.9029929999999998,0.85,weth,eth,0xdae110e75a766965775599a765869eba7a9faf668d393a8fce2f2d557818eeb4,0xb5202e5cf8d20c71c3897e6e9c6bd12a985d3424826ee64c7ea673b0018e3ae5,0x0ecbba0ccb440e0d396456bacdb3ce2a716b96e5,-0.052992999999999846,-0.11249299999999984
Jungle Freaks_236,2021-10-17 17:31:36,2021-10-17 17:38:23,1.1011,1.2590000000000001,weth,eth,0x840aae4a9ac03572884916c9473920461307f6da112e7d6818f6c248a4b91695,0x412866bef64246603360d0709c5526dc9bcd736db6df969eeb2b1d91715a5bd1,0x0ecbba0ccb440e0d396456bacdb3ce2a716b96e5,0.15790000000000015,0.06977000000000011
Jungle Freaks_2597,2021-10-28 21:01:48,2021-10-29 02:34:32,0.9884000000000002,1.33,weth,eth,0xd9dc6dc23c043f27b35a2807ca2061e3f7d448f97828a41c7933e5585f1f4a01,0x7cbdae1cb57ca5a1ba89de00904566b3c7abfc0fbca69991f4bb662c3d00bf82,0x0ecbba0ccb440e0d396456bacdb3ce2a716b96e5,0.3415999999999999,0.24849999999999994
Jungle Freaks_4247,2021-10-31 23:59:39,2021-11-01 11:51:10,0.9325,0.69,weth,eth,0x2afadba2e65d434c57a440eb9d1a3cbf80b20e56ebad1ed428e80d774d5621f4,0xad214d71224aa167fc9aa5b1cd8bccc5651366369956be1b60e8ba8fbbe9c9d4,0x0ecbba0ccb440e0d396456bacdb3ce2a716b96e5,-0.24250000000000005,-0.29080000000000006
Jungle Freaks_5490,2021-11-01 00:30:53,2021-11-01 02:17:45,0.885,1.05,weth,eth,0x12872826e5af12d83d31c579296554c174432e8ce97de956e3b346dd4e2767c4,0x683cd192e7d5b49d92402eaf69a5384fb74309569f4b09067af7abd335577ac4,0x0ecbba0ccb440e0d396456bacdb3ce2a716b96e5,0.16500000000000004,0.09150000000000014
Jungle Freaks_5492,2021-10-31 23:26:01,2021-11-01 01:04:27,0.9012,1.085,weth,eth,0x4d9765a958cf7bc9ac20c0c6d85630814720f69da743c21b1882e704c66efa91,0xf40160ab324a59524a4e4cab0c17cececc631f13d8c7e8db8185ef80fbf471af,0x0ecbba0ccb440e0d396456bacdb3ce2a716b96e5,0.18379999999999996,0.10785
Jungle Freaks_6108,2021-11-01 08:54:49,2021-11-01 11:01:29,0.669,0.84,weth,eth,0x68b8bd1daa08fe077faa24cb7cc4f4ec495b26152b72017a6f377f666a8f70c6,0xb7b9d588167e49484e0e9eeebc405fdc732a697d3026067b0c87c3c5f3da9c2d,0x0ecbba0ccb440e0d396456bacdb3ce2a716b96e5,0.17099999999999993,0.11219999999999997
Jungle Freaks_6363,2021-10-17 17:23:22,2021-10-17 17:33:49,1.031,1.199,weth,eth,0xd119b4b391f0e51d1e4db494235755a5cd639be8e6180067a4088c6c26901b74,0x3e4a0095446fbd448696c281f2efdb5acb4c05b8b30913fd9b5a634c7e6273ac,0x0ecbba0ccb440e0d396456bacdb3ce2a716b96e5,0.16800000000000015,0.08407000000000031
Jungle Freaks_6897,2021-11-01 08:50:24,2021-11-01 12:09:30,0.62105,0.3001,weth,weth,0x9d896ed39bb32c96b4b8e1868a4ec613536fe48e4ab728668cbeadd9fde16f8f,0xb9521fabc2425bec44f7ab9030515a9250dad53eca65617207881856c60abba2,0x0ecbba0ccb440e0d396456bacdb3ce2a716b96e5,-0.32095,-0.341957
Jungle Freaks_7299,2021-10-28 20:08:11,2021-10-29 01:44:34,1.0519999999999998,1.33,weth,eth,0x190e23ac3d8c6257b35952e3c76213508e2ed85648674112c6301eb0fccd6a59,0x47d398be8d7c9d4501f4819b3d009fe9c27162526dcf48106503399264eccecb,0x0ecbba0ccb440e0d396456bacdb3ce2a716b96e5,0.27800000000000025,0.1849000000000003
Jungle Freaks_8432,2021-11-01 08:29:38,2021-11-01 11:44:03,0.59165,0.69,weth,eth,0xd0268abced149029356f1b123382b6883435b1519463c2f050aec83e7fc732fb,0xc96761866a755c3a3c3ce0554476e1cb84a2a47fa14ae7d2c30ae59390777148,0x0ecbba0ccb440e0d396456bacdb3ce2a716b96e5,0.09834999999999994,0.05004999999999993
Jungle Freaks_8782,2021-11-01 00:33:07,2021-11-01 00:57:58,0.88345,1.05,weth,eth,0x5b4008987275e4c74c7d4aa0b43cddba4b7fe8d8d66aa26f8b65bab3f54a9bcb,0x08a7f9f8ebb8354ca095d2d2248f7e0e4b62c82fafa442dbc6aca4336a7ff25f,0x0ecbba0ccb440e0d396456bacdb3ce2a716b96e5,0.1665500000000001,0.09305000000000019
Jungle Freaks_9241,2021-10-22 19:22:25,2021-10-23 00:23:48,1.224,1.63,weth,eth,0xa8508a47fb12727a7bd565a4c445f235e8143ef1aff6049e9bf51608750c14af,0x77d2013b5befb98221e35a8d721fc6db997c95d5010e3909637c7bb0a699f6ff,0x0ecbba0ccb440e0d396456bacdb3ce2a716b96e5,0.4059999999999999,0.29190000000000005
Jungle Freaks_9341,2021-11-01 08:58:53,2021-11-01 11:57:14,0.59165,0.55,weth,weth,0x06ae133c82adc38c61df8c8b34078ee5666577472d2a019b398ddf799e62f5e1,0x6de08aeaf8f1403e19e621cefeaf349fa4ae9cfffe640334af7598943180cf68,0x0ecbba0ccb440e0d396456bacdb3ce2a716b96e5,-0.041649999999999965,-0.08014999999999994
Jungle Freaks_9937,2021-11-01 08:13:14,2021-11-01 11:17:16,0.6436,0.74,weth,eth,0xec09e7dffcb4043affe3886c2d6670ed3ae80ec3a91eb889511f0708570a3256,0x1251efb4d768b821601e23dcf055c57d008a2d1995a97bbf84522c780fc5e7d5,0x0ecbba0ccb440e0d396456bacdb3ce2a716b96e5,0.09640000000000004,0.044600000000000084
KaijuKingz_1014,2021-10-20 11:46:36,2021-10-20 12:07:09,3.838,4.238,weth,eth,0xb9c2e134d3161af49c9b012c00db9df51d886323651bdcbc61fb4a9b676be7e4,0x0adc213c2a01afb2270514d4ae09eb10fe6b39e53e82bfb2bca2a988e2b5b39c,0x0ecbba0ccb440e0d396456bacdb3ce2a716b96e5,0.40000000000000036,0.10334000000000065
KaijuKingz_3335,2021-10-18 06:39:37,2021-10-18 10:57:04,2.6510000000000002,4.49,weth,eth,0x0e9f7ea30d6ab40f7f1f6764e8ea056413b3ad813e3c9467d9419040d07b0ed3,0xd5ab149ce7f78883e87330b555e4354337dcfac40ea4dc42495318419441a605,0x0ecbba0ccb440e0d396456bacdb3ce2a716b96e5,1.839,1.5247000000000006
KaijuKingz_3339,2021-10-29 15:07:35,2021-10-29 17:11:05,2.301,2.79,weth,eth,0x4610757d5e143033568d7bad01932c22fcd295555050d1e75e4147e2e30eeea3,0x6f8d4f38919c377f5099ce5b8e904780cb6793b1d970f027b7aebe0d0e00d6fd,0x0ecbba0ccb440e0d396456bacdb3ce2a716b96e5,0.4889999999999999,0.29369999999999985
KaijuKingz_3399,2021-11-01 02:22:35,2021-11-01 20:24:15,1.7009999999999998,2.34,weth,eth,0x12caa9044302982d8b5760426533e81d2b467017b2c86ba100423d79e5e0c146,0xdf04a98cb974566f98a3db22592fd850528fdc9906ec516f98634bd3f1b69c6b,0x0ecbba0ccb440e0d396456bacdb3ce2a716b96e5,0.639,0.4752000000000003
KaijuKingz_3460,2021-11-07 18:36:06,2021-11-11 08:28:51,1.301,1.22,weth,eth,0x2082832e8a9257f6b6dd6969eb3115a4363c85313ea17c0257a07fc5a5711474,0x6a5574e990374f8860665e94fa3c07d4398060d3f4bd64ce02962d3c68ea7d9b,0x0ecbba0ccb440e0d396456bacdb3ce2a716b96e5,-0.08099999999999996,-0.16639999999999988
Lazy Lions_1219,2021-10-01 23:22:56,2021-12-06 23:24:50,2.354,0.84,weth,eth,0x5098b211c87f68a7e8d81c806e3bddc1f2bd28ba5cd6d70a7defc4096435c716,0xd33cd266197d332ea5371dd3b504ea06ce0e55aa4436bd13b0344072034feb5c,0x0ecbba0ccb440e0d396456bacdb3ce2a716b96e5,-1.5140000000000002,-1.5728
Lazy Lions_1221,2021-10-01 13:09:35,2021-10-01 13:17:42,2.206,2.78,weth,eth,0xc8f5b95e1d88866686943c65bf277275ac287d2b1090c329534690cc1baaefda,0x371155611c77aebde55aab200631011bf6f5059babb06eded79f750b89c132f1,0x0ecbba0ccb440e0d396456bacdb3ce2a716b96e5,0.5739999999999998,0.37939999999999996
Lazy Lions_1368,2021-09-25 16:29:35,2021-09-25 20:01:21,2.8110000000000004,3.35,weth,eth,0xc9d6c73010c1040dfc2f6cfbbeadd30462f7883e84e5ba6f06c753bb16d43dac,0xf10d9728240a571c28a167b843f411430e9989b1e83a25f043c17e8991cf4d1c,0x0ecbba0ccb440e0d396456bacdb3ce2a716b96e5,0.5389999999999997,0.3045
Lazy Lions_2152,2021-10-04 11:03:00,2021-10-04 13:17:33,1.9318,2.14,weth,eth,0x96869c6741cf748e3aa0f9394424c3f01ed8037a7c1460bc51fc0069676adc6f,0x726e46c493858d6ff5a73f1fb59327e7111befebab8165eea8bc478f2ff8d70d,0x0ecbba0ccb440e0d396456bacdb3ce2a716b96e5,0.20820000000000016,0.05840000000000023
Lazy Lions_2970,2021-09-30 12:22:10,2021-09-30 12:34:35,2.002,2.44,weth,eth,0x9f989f3f12bdec83ecb9dfc5b38d4a57423d6ac4bed34d561610c19af19bcf7f,0x56d8d6669ca02aba925a32b794801ca6a9f42c1c9db3240836d04b4e68574cbd,0x0ecbba0ccb440e0d396456bacdb3ce2a716b96e5,0.43800000000000017,0.2672000000000003
Lazy Lions_3144,2021-09-30 16:10:28,2021-09-30 16:52:13,2.031,2.295,weth,eth,0xe9f73bbd29b535152f157e8538f25e3c285ee2d3d0d7384366c062d9aff5ed47,0xadaaf2482616ca42a565f3f4b17e61f5e8652c2fb30acd25837804ccddda9ec0,0x0ecbba0ccb440e0d396456bacdb3ce2a716b96e5,0.2639999999999998,0.10334999999999983
Lazy Lions_3308,2021-11-01 13:36:16,2021-11-01 14:56:53,1.001,1.1840000000000002,weth,eth,0x1b43b4161a881a3e1a932ea99708513e23c3a334ebcf8667dea7067c470a4d10,0xe982c9e3e5f864a8c1741ae63078a221e23b44af93927f5a2abcb49a37fd7c7b,0x0ecbba0ccb440e0d396456bacdb3ce2a716b96e5,0.18300000000000027,0.10012000000000043
Lazy Lions_3669,2021-09-28 18:37:26,2021-09-28 19:22:28,1.911,2.345,weth,eth,0xe3386aea9d1e94965c8148c3ccd1dd93311adc60b9deb9389c2a845e544ac079,0xb80c322de17973581e2dbbed26b13cfc1d060d43f1300cefe27c4c06064601d2,0x0ecbba0ccb440e0d396456bacdb3ce2a716b96e5,0.43400000000000016,0.26985000000000037
Lazy Lions_374,2021-10-22 19:05:59,2021-10-23 00:30:25,1.2009999999999998,1.489,weth,eth,0x9df1cd1548c3232020bbdce4f7484985218ee82864dff49ee7409077925e2448,0x300b21d8a9cb37441493e4f108484c7cfa09a51da3dc514aba4797ac6393dc7f,0x0ecbba0ccb440e0d396456bacdb3ce2a716b96e5,0.28800000000000026,0.1837700000000002
Lazy Lions_407,2021-10-09 16:08:27,2021-10-10 02:16:22,1.5279999999999998,1.745,weth,eth,0x16376871734bd1a9efa1cac0af7443dc03380c4b15fac42016813879f09947f8,0x147b2db6d0d3d562f8ce57d7b9f1eebb71785655de0a4a5ffc19ed6c56cc3645,0x0ecbba0ccb440e0d396456bacdb3ce2a716b96e5,0.2170000000000003,0.09485000000000032
Lazy Lions_4832,2021-09-28 21:11:56,2021-09-29 03:01:49,1.911,2.195,weth,eth,0xefe21cc1436bbccf6d9f0cc90f42f3c3198f346b829489a627778b66d189930c,0x415d4501bf21c7d93b226d847420965fa5d8bbe511a2d376401a86e2101c2946,0x0ecbba0ccb440e0d396456bacdb3ce2a716b96e5,0.2839999999999998,0.13034999999999997
Lazy Lions_4891,2021-11-08 00:14:34,2021-11-08 22:21:57,0.9141,1.07,weth,eth,0xb997ac95768d7e57e1f9bc041d1f70af926b6bbaeadd0124fb607936b3ab657d,0x3ee6a423f12e008172b17045afb96ddfca2b29295fc5bc6e9b7c1c65dc0ca7da,0x0ecbba0ccb440e0d396456bacdb3ce2a716b96e5,0.15590000000000004,0.08100000000000007
Lazy Lions_5241,2021-09-26 21:53:26,2021-09-27 04:49:28,2.001,2.64,weth,eth,0x18aa61bd6bf728e4295230bafb92f0dcdbfbb0db6bd92c518aaec20e2219023e,0xd15585be85803641790a030e73bfff493eb1729ff5e211440aa9efdca78e790d,0x0ecbba0ccb440e0d396456bacdb3ce2a716b96e5,0.6390000000000002,0.45420000000000016
Lazy Lions_6558,2021-09-27 23:57:09,2021-09-28 16:15:09,2.251,2.39,weth,eth,0x0c0de834a0dd9281a182485d1eb68ec26a7b26d524bb2c44b84e5d85f912e628,0xb2a1cdd57c865e07d401304da2a45faec3e089f3b858d177457274d56f7fe08f,0x0ecbba0ccb440e0d396456bacdb3ce2a716b96e5,0.13900000000000023,-0.02829999999999977
Lazy Lions_7001,2021-10-25 03:48:17,2021-10-25 09:51:18,1.1241,1.325,weth,eth,0x83d8be82b85a6bedc9931387b15762b31e4f7893d95686b6f2aaffd5c10f351a,0xf9dda1bda2b116e42c3eb0d25e78a8364392c505c525301aa0ef5b6604f85941,0x0ecbba0ccb440e0d396456bacdb3ce2a716b96e5,0.20089999999999986,0.10814999999999997
Lazy Lions_7235,2021-11-08 00:11:50,2021-11-08 15:26:44,0.9159999999999999,1.099,weth,eth,0x1f448cf9a1691bc889426c6da4fc8b1f431d432d68c09cc424a50e4a4e26fcf0,0xbe59caa1733a6d102e66cd31ed8c6dc1b04600fc5dfb70e8ca641812205744c2,0x0ecbba0ccb440e0d396456bacdb3ce2a716b96e5,0.18300000000000005,0.10607000000000011
Lazy Lions_729,2021-11-12 08:16:04,2021-11-12 18:19:32,0.773,0.909,weth,eth,0x1c1eb3bf1b24c3170de29c9bd66fa98893a8546a84c1a2f38e242ffc97991084,0x4eaf36d66c916e3af053cfd51a6d6e718adf73d02bc6b15fa1d3b933a27c387a,0x0ecbba0ccb440e0d396456bacdb3ce2a716b96e5,0.136,0.07237000000000005
Lazy Lions_7503,2021-09-28 14:12:21,2021-09-28 14:52:33,2.001,2.185,weth,eth,0xd2b9513c9f95a8044b7c445d6643a732f2101f51278a0d4076ffc709d3bf0cd7,0xc9cfedd2fad73794ddb24815ba6bab1caf629ae93816ad687641c3d626477051,0x0ecbba0ccb440e0d396456bacdb3ce2a716b96e5,0.18400000000000016,0.031050000000000466
Lazy Lions_7709,2021-10-04 06:09:44,2021-10-04 15:14:40,2.0371,2.25,weth,eth,0xdb78358c5991d387b38e91ecf2912bcaed27259142211ad4c5efc77244c333f1,0x60a58c7d9d859249a26fe611e92f02a1232c3e1388160372032ebbb2af136732,0x0ecbba0ccb440e0d396456bacdb3ce2a716b96e5,0.21289999999999987,0.055400000000000116
Lazy Lions_7868,2021-10-03 20:53:27,2021-10-05 11:38:02,2.121,1.94,weth,eth,0x77674be26371e77286d0df9efb76fa2763bc0c11cd7934162e5cf3f744d49b47,0x9079cf95b695d0945a4718d07a83c02d33c4a4e76313fd341b03f76c11685039,0x0ecbba0ccb440e0d396456bacdb3ce2a716b96e5,-0.18100000000000005,-0.31679999999999997
Lazy Lions_8277,2021-10-13 02:14:06,2021-10-13 12:45:51,1.2016,1.435,weth,eth,0x983a12839c8abe7de31e1be7d1759927d694660c670387289d15ce5e6f90a30d,0x5d0befacf98d489308dabdfd0034ffef19a12c309bef38010515364a7d19d5e6,0x0ecbba0ccb440e0d396456bacdb3ce2a716b96e5,0.23340000000000005,0.13295000000000012
Lazy Lions_9435,2021-10-02 17:48:09,2021-10-02 17:58:59,2.0892,2.44,weth,eth,0xe160cde88a36963be5bec88245ea3fb2188a03ac6fe44d969afcfa7a8c7ae7b6,0x6bca5b3cc96643dfbfc73c3d2750f39132bceae236a940acf31ea529f61c2052,0x0ecbba0ccb440e0d396456bacdb3ce2a716b96e5,0.3508,0.18000000000000016
Lazy Lions_988,2021-10-03 09:34:18,2021-10-03 12:37:37,2.1758,2.45,weth,eth,0x14d07f1c5b93f7458bf53a1bfe8f511502b448893f6a9761ecbf2bef69368ea4,0xac110047f2a26c3881e0e7d4699f3625df9a1e9177205f2142edf77f375fd656,0x0ecbba0ccb440e0d396456bacdb3ce2a716b96e5,0.2742,0.10270000000000001
Lazy Lions_9949,2021-10-12 22:26:26,2021-10-13 00:09:33,1.0280999999999998,1.349,weth,eth,0x88d84154202541d89e57c8bd0fb0e3932b522377edf4b94466a342cc876fefb5,0xece0123b9a429c7d52553c25f08fa6419173803fca2fb9cf40de580f9ff46ce5,0x0ecbba0ccb440e0d396456bacdb3ce2a716b96e5,0.3209000000000002,0.22647000000000017
Loot_1554,2021-10-20 14:33:39,2021-10-21 16:00:20,3.3325,2.68,weth,weth,0x16ec4ee99fb690a911fa815ccdb29dfa31026799c7be8d37ed879c0d30097027,0x7e5e62dd3a9f57bd23adb06e17e2a49059e027da11c163e91a4199ed447675b5,0x0ecbba0ccb440e0d396456bacdb3ce2a716b96e5,-0.6524999999999999,-0.8400999999999996
Loot_2703,2021-10-21 01:27:58,2021-10-21 17:02:52,2.8823,2.65,weth,eth,0x2b1a82e43dee2cfac366a100a11b031810dd0e656e752d0a99c6c76b4cc78b74,0x1ab64c160d10e246f59f6c384ae0fd13e3c6126caa615ecc42aa48cc6c7106bc,0x0ecbba0ccb440e0d396456bacdb3ce2a716b96e5,-0.23229999999999995,-0.4177999999999997
Loot_4591,2021-11-09 04:27:49,2021-11-11 20:35:01,2.3935,2.5,weth,weth,0x0a730812ee96fb32732dcdd3b1f2f02e4697f5c219d06cb099468ec8f0c0d9e9,0xc45b39d519b32760a68086a6e6ef1850d619a298fc0ec8c1ec72d080e3a861ce,0x0ecbba0ccb440e0d396456bacdb3ce2a716b96e5,0.10650000000000004,-0.06849999999999978
Meebits_10852,2021-10-18 22:41:36,2021-10-19 12:12:18,3.0010000000000003,3.25,weth,weth,0x0aef5f8b01ac9a6f0fce81ec7f945596e812e0cf3b34f56e2680c0214978b14c,0x7fbf656d6e507fd3094f606521564f4a2813ad1af40cc7caf2bf9b63acb720b3,0x0ecbba0ccb440e0d396456bacdb3ce2a716b96e5,0.24899999999999967,0.02149999999999963
Meebits_17979,2021-10-05 16:57:07,2021-10-07 12:02:32,3.8409999999999993,4.55,weth,eth,0x9491cfa390e2d65a1d5c92e27ba19658bcc0f19499332c13a96bf49adb742aea,0x279582ce1ca0de06dd4603a2f7f76703444da1f73ce3fc142a28e87b4e97428f,0x0ecbba0ccb440e0d396456bacdb3ce2a716b96e5,0.7090000000000005,0.3905000000000012
Meebits_3010,2021-10-05 10:37:57,2021-10-05 20:18:49,3.633330749999998,4.47,weth,eth,0x5d66db218e92b6a9f92024441dd6e49cae9491d997a30b7f78fe9f62a6645fe7,0x1e2987581dc67770367f85065c75094bc927b8151108c9129b1c7253d3af2c9f,0x0ecbba0ccb440e0d396456bacdb3ce2a716b96e5,0.8366692500000017,0.5237692500000017
Meebits_373,2021-11-04 05:06:06,2021-11-08 12:02:36,3.0014,3.25,weth,eth,0xf66ac09df6a3b46b166b10dc25efd24b5cfef2ce8434a6f21432f3e13922292c,0x5cbae3047a5d75cc20e50afe820f148b6abb2f541e47d294e8d7977a6695d385,0x0ecbba0ccb440e0d396456bacdb3ce2a716b96e5,0.24860000000000015,0.02110000000000012
Meebits_7191,2021-11-15 17:28:36,2021-11-17 00:47:36,3.0917999999999948,3.69,weth,eth,0xda84d1338426b5d92f5754674177569af044ab4e6dba30a4fd3eb93e117a3590,0xa3caef532b8728242491460cc12240c9b9430c97dbb1c4a6ce9eb116c73f89c4,0x0ecbba0ccb440e0d396456bacdb3ce2a716b96e5,0.5982000000000052,0.3399000000000054
MekaVerse_2208,2021-11-08 02:04:28,2021-11-08 20:32:31,0.843,0.98,weth,eth,0x4db0887f43d927ae8eceea190747d77c012d80f64329280d8694a7f5b04d46a1,0x9d13e08b59a2a93c0537a540f1d4e4a55141c2b9171ecfc29ad1e12e28b9ba4e,0x0ecbba0ccb440e0d396456bacdb3ce2a716b96e5,0.137,0.06840000000000002
MekaVerse_4351,2021-11-23 01:00:27,2021-11-28 18:26:50,0.9386,1.11,weth,eth,0xcd96e7afedc2b3497a6708f6fcf6a63be1f884c22fe9a45935924b913e507f28,0x6119900ab823548b08bb4a92af0cec36a7d3c6fb2ae65485653e33a337349d1d,0x0ecbba0ccb440e0d396456bacdb3ce2a716b96e5,0.1714000000000001,0.09370000000000023
MekaVerse_6789,2021-11-22 22:29:01,2021-11-23 02:16:09,1.001,1.43,weth,eth,0xb2b38d279294c5925fc2dfe3b31a48e477b37f6a1b9b1a36e24037c41aa61a61,0x203aa42e99cf659446ab1c4c95e55f8aa8e33185f16c59f4bceed7965d8eea79,0x0ecbba0ccb440e0d396456bacdb3ce2a716b96e5,0.42900000000000005,0.3289000000000002
MutantApeYachtClub_12116,2021-10-04 03:59:38,2021-10-04 11:20:16,3.958355638999999,4.479,weth,eth,0x4b2bcdf6b29bf0885ef702d4797a3ef3a07ae894936806b03c5130735ab2ce2b,0x7dc2427aed1e4d3d0c313c3f183d8435a4f5e205e26fd68bb768b95f393eee65,0x0ecbba0ccb440e0d396456bacdb3ce2a716b96e5,0.5206443610000009,0.2071143610000008
MutantApeYachtClub_18950,2021-09-25 07:46:40,2021-09-26 20:24:41,4.1211,4.595,weth,eth,0x2946fe5a2b34ca2590b75cb8563a51131994b0295d7ec5c725e9aa0ca1389d18,0x39bd2bb1e019aef4615156016f8b57a020cce01799074d3aedc045ca8eb7ba3e,0x0ecbba0ccb440e0d396456bacdb3ce2a716b96e5,0.47389999999999954,0.15224999999999955
MutantApeYachtClub_25828,2021-10-07 17:48:08,2021-10-08 07:41:05,3.1010000000000004,3.679,weth,eth,0xcffacf107ad7711a3c73eebc78b962cdeca078f23c6c2aa838a8c1fbb401096a,0x225df7aefbf1d1df52fddfc4fa2e72d37d01a1b9eab4e9cf45209b8dd731a86f,0x0ecbba0ccb440e0d396456bacdb3ce2a716b96e5,0.5779999999999994,0.3204699999999998
MutantApeYachtClub_26064,2021-10-21 13:15:03,2021-10-21 15:52:50,3.0010000000000003,3.319,weth,eth,0x51e98e8524e15ab4b89825608d806ab83ee548a82499ee833960345c83b43228,0x459528ef8e3d775c071d7a854053635372d8c50d22bb411dabf71c6b7c48717e,0x0ecbba0ccb440e0d396456bacdb3ce2a716b96e5,0.3179999999999996,0.08566999999999991
MutantApeYachtClub_27028,2021-09-27 19:13:24,2021-09-28 19:51:48,3.4853,4.4495,weth,eth,0xbf4bd3348c8d9cb624641cd79c2aa2be3c22fb81d1cd8b62ae4f71031c957ff1,0x329ebcc20bbca8fda08f9c5e481bbb93f01e7d5d7cd9b9f3c4247398aeefd960,0x0ecbba0ccb440e0d396456bacdb3ce2a716b96e5,0.9641999999999995,0.6527349999999994
MutantApeYachtClub_28582,2021-11-04 13:57:58,2021-11-04 14:55:17,3.3948,4.0,weth,eth,0x04f0a29139e2fc59aba70104c6f877bb8598fa42b0213ee386f9d894d383231f,0xdca81080944d6a351c2137b8f30c427c82417d1608eea28095b415af9ff6db5c,0x0ecbba0ccb440e0d396456bacdb3ce2a716b96e5,0.6052,0.32520000000000016
MutantApeYachtClub_5957,2021-09-16 16:14:44,2021-09-16 18:34:20,3.9325,4.495,weth,eth,0x4700c742b9110b698d5eed9f54cf6dbdf47ce647468f14ce49ecab9a9d1eb2d9,0x64fbcd9b01ccc6d9c3c3dfbd39847f1c7f2323a343ba1be6fca74838a1c8076f,0x0ecbba0ccb440e0d396456bacdb3ce2a716b96e5,0.5625,0.24785000000000057
MutantApeYachtClub_6575,2021-10-21 05:52:45,2021-10-21 10:37:23,2.9010000000000002,3.395,weth,eth,0x0fc4792657411c681142a6e4ac9ebb906468583a46868f3e37234de42bf4a23b,0x0d2b00a61063f006c4d2c32fe630931d474c8603d5215e17720d079016f5bb1a,0x0ecbba0ccb440e0d396456bacdb3ce2a716b96e5,0.4939999999999998,0.25634999999999986
MutantApeYachtClub_6700,2021-10-17 08:04:47,2021-10-17 14:13:40,3.3658,3.779,weth,eth,0x33d17b78f3ba8b6a660e48ac5abd4d6aa1bae3eb9318fff99ca01c7dff03d2c8,0xc223aa454aea994f4ce69d3dff63c47372dd02cbd7a0b937dc23bc59c694cd8c,0x0ecbba0ccb440e0d396456bacdb3ce2a716b96e5,0.4131999999999998,0.14867000000000008
MutantApeYachtClub_8526,2021-09-17 14:57:29,2021-09-17 19:19:43,3.9625,4.5,weth,eth,0xb29055d769e9da5b754e86486316a3877796efc497f1bc75260c7cdfda51ed83,0x8973a7236ccdd5669b1ca14096583e51e88eb8824b765cccb3af85a6d9685168,0x0ecbba0ccb440e0d396456bacdb3ce2a716b96e5,0.5375000000000001,0.2225000000000006
MutantCats_4754,2021-10-13 15:34:50,2021-10-13 18:09:51,1.751,2.42,weth,eth,0x82e2a468ab5c9a7d4e02cf0ced5a4ac0911e5746d346ae9eca3d19010bf49b16,0xa4d22865257369fbb5d1a79e490c3ae4ec37da47d01dd8c31ce6d5ea51f4ee0c,0x0ecbba0ccb440e0d396456bacdb3ce2a716b96e5,0.669,0.49960000000000004
MutantCats_9107,2021-10-11 18:55:27,2021-10-11 21:34:44,1.3102999999999998,1.649,weth,eth,0x031eb2db396d5a0c9e3be2ca37d111966a54b25d29d0d84c4d8cf1f8d1d7bff3,0x4bcf2aff5d8a68a52bda79834df9ffd58b301b5bc750ba154d8aca92260f1efc,0x0ecbba0ccb440e0d396456bacdb3ce2a716b96e5,0.3387000000000002,0.2232700000000003
PudgyPenguins_2823,2021-10-18 22:40:45,2021-10-18 23:44:37,1.5697,1.83,weth,eth,0x9ada4658981c8a52208217922cb8f0741e918318c73a5b0e012e110ae9d9a971,0x861de9fedf838036757e664cf5d3be09599162525a5ed36eaa6051848b338829,0x0ecbba0ccb440e0d396456bacdb3ce2a716b96e5,0.2603,0.1322000000000001
PudgyPenguins_3946,2021-11-01 10:42:02,2021-11-01 16:27:43,1.0284999999999995,1.249,weth,eth,0x93384297f6c4f4c088df95dd260e4409c88134e2170a75c88e8dcb84272e913e,0x6962a485baf4b5563ec4850272520a10281e6fd76a7537298aa25ab87a43762f,0x0ecbba0ccb440e0d396456bacdb3ce2a716b96e5,0.22050000000000058,0.1330700000000007
PudgyPenguins_414,2021-11-02 04:03:28,2021-11-02 15:46:27,1.091,1.349,weth,eth,0xc71407636d2ae5fe2d39e600ce17361439cb940a80f4fec9a176b6cf92c9eed1,0x045dcd58bf3b2d7a7ca31272fc18661b0c9c999ee60bb1ab4453e0ebd9d7db3c,0x0ecbba0ccb440e0d396456bacdb3ce2a716b96e5,0.258,0.16357
PudgyPenguins_4806,2021-10-09 02:50:52,2021-10-09 09:34:10,2.0504,2.38,weth,weth,0x9f98b99ff033391ed7a1ec350e0b6d729163f4327656e7312cfc0c32d016cad5,0xc35def960075f42d3f7827700f7fb1e06da37098df4c09d2d34d7ba48819108b,0x0ecbba0ccb440e0d396456bacdb3ce2a716b96e5,0.3296000000000001,0.16300000000000026
PudgyPenguins_4911,2021-10-17 12:36:56,2021-10-17 12:41:55,1.6964,1.969,weth,eth,0x45cc2476cab11f7dfeae8a3dcc01cd9677634c5fa7c932f8683de044b48cf138,0xcc55feefd7b3ba9fa203f90b856f0382b9c77cbc8d524ed4a0418399969ac24a,0x0ecbba0ccb440e0d396456bacdb3ce2a716b96e5,0.2726000000000002,0.13477000000000028
PudgyPenguins_4987,2021-10-30 22:49:09,2021-11-03 14:35:47,1.225,1.17,weth,eth,0xbdec738b28f8418ee15d06b28c10eb43e1c2037a4c7e44953f966ce7c29cb73c,0xd23421a2ab733238961020e9e0476de70fa85540612bdb7d845a5feca3068bf0,0x0ecbba0ccb440e0d396456bacdb3ce2a716b96e5,-0.05500000000000016,-0.13690000000000002
PudgyPenguins_5579,2021-09-30 07:34:44,2021-09-30 13:12:11,2.141,2.49,weth,eth,0x96fc1f99fe14a6354194e4d05de4c66dff1610d0fde74a3d25b16d74b1b2208e,0xdd18cf7040e677d435d9c5c9f8cf41173d98aa9b47bab48c603eef675c6e20fb,0x0ecbba0ccb440e0d396456bacdb3ce2a716b96e5,0.3490000000000002,0.17470000000000052
PudgyPenguins_588,2021-10-21 17:37:03,2021-10-22 04:09:45,1.4114,1.839,weth,eth,0x34c7863c5d44b97dc77dee182bd71eb07e3ea1821be3d4974b9216cdb81a1d77,0xbfba4232713d1c52b7ebcb56898d9f0cd13b0086a90ba4fe00c7d53b1c44ab6b,0x0ecbba0ccb440e0d396456bacdb3ce2a716b96e5,0.4276,0.29886999999999997
PudgyPenguins_6041,2021-10-29 16:37:43,2021-10-29 17:55:53,1.3159999999999998,1.59,weth,eth,0xb00b9aed4a2c04d1cde97e12998d33a464a777a248bd7a33f1c457273a8fafe3,0xc4ac5c91c5e411d30f98c56ad43d9232d1fdfda851cbc33bb07b845f93b0d19a,0x0ecbba0ccb440e0d396456bacdb3ce2a716b96e5,0.27400000000000024,0.1627000000000003
PudgyPenguins_6183,2021-11-09 11:13:36,2021-11-11 02:09:52,0.9309999999999999,1.18,weth,eth,0x8b15dfe654db1de48a2ba102c76b45c9cbfa31589f0b872d07375a79be4a2d11,0xa6c66cafe151e3e7723a93bfe7df34b8ccd85e2d538712766afb5da2d96f1c74,0x0ecbba0ccb440e0d396456bacdb3ce2a716b96e5,0.249,0.1664
PudgyPenguins_7239,2021-10-02 11:10:40,2021-10-02 11:21:08,2.14,2.69,weth,eth,0x03894f3391c38fca6377e7fdfacc0244af739d49b305cfabdf96d16f4ab85b8e,0x9414dca0d1f6a38a52b5120305cd632249399e614125525276c9c178a5124fde,0x0ecbba0ccb440e0d396456bacdb3ce2a716b96e5,0.5499999999999998,0.3616999999999999
PudgyPenguins_7418,2021-11-09 10:55:08,2021-11-09 11:37:34,1.001,1.29,weth,eth,0x915057b4458e8529c24dc5364c746db5cc14064f60b244109e704d120922d692,0x26203ce38686be880bc0cd25393267dae1a5c79fbf8c001f3e0714fa96ea1427,0x0ecbba0ccb440e0d396456bacdb3ce2a716b96e5,0.28900000000000015,0.1987000000000001
PudgyPenguins_7594,2021-11-03 15:47:06,2021-11-03 22:27:20,0.9208,1.115,weth,eth,0x6c020fd58e49182f0b8e03fd3fbc1fda5269e8d00e1c77ca96a0edc2e51d7280,0xbd7316fdf6f4373e65e4a6762708dd7c9850a351fd45a272f3107dbf6a73756b,0x0ecbba0ccb440e0d396456bacdb3ce2a716b96e5,0.19420000000000004,0.11615000000000009
PudgyPenguins_7666,2021-10-29 16:07:46,2021-10-29 17:26:16,1.2570000000000001,1.5,weth,eth,0xab397503afe6967278fa329eab262befe2136ff266c6c968bdbb7da76f144b61,0x12788bacb86e324fc16fd0bc7d83731be839c4d42c61827064969ea53f30b3c0,0x0ecbba0ccb440e0d396456bacdb3ce2a716b96e5,0.24299999999999988,0.1379999999999999
PudgyPenguins_7741,2021-10-12 23:11:42,2021-10-12 23:54:38,1.8394,2.39,weth,eth,0xeaf97530d30391cadbf6a52d60e0c0507bf0b561aae91d691e159bbdb7ac8692,0x9176e16c554a6be3d918294b18f3fb8fa3c376b411945a18d7d6e7af1830c31c,0x0ecbba0ccb440e0d396456bacdb3ce2a716b96e5,0.5506000000000002,0.3833000000000002
PudgyPenguins_7765,2021-10-29 16:09:28,2021-10-29 16:34:50,1.2570000000000001,1.5,weth,eth,0xe941608e1635836108ae49a1419dd9d8f8bf182522ce72d9cd94f06a9e559b2c,0x388e7b0465536e8e353adaaace33ddb31b4079e65396c5f20637249a0fe85673,0x0ecbba0ccb440e0d396456bacdb3ce2a716b96e5,0.24299999999999988,0.1379999999999999
PudgyPenguins_8328,2021-10-14 22:12:07,2021-10-14 23:31:55,1.6709999999999998,1.935,weth,eth,0xa23429a3f1d1721660b915212020bdc83a5121823bf744dda9729ea3343ddccc,0xd0a6f98fe402a26edf666056f897a048eeef41a95406d932d8985382ecd67f78,0x0ecbba0ccb440e0d396456bacdb3ce2a716b96e5,0.26400000000000023,0.1285500000000004
PudgyPenguins_8362,2021-10-29 16:10:42,2021-10-29 17:26:16,1.2153999999999998,1.5,weth,eth,0xf6a1c46fb60c2b0b10fe3015b8605ba155c2af498bce6473651e3750dccb4c8b,0xf7f76ea021a8b98aa3bc328978aee6c52aade7ed2089959ac9d3ec77586e0289,0x0ecbba0ccb440e0d396456bacdb3ce2a716b96e5,0.2846000000000002,0.1796000000000002
PudgyPenguins_8378,2021-09-27 18:41:23,2021-09-27 20:37:06,2.3361,2.68,weth,eth,0x6dd0b236712442d54bcaada9180708edf8f8f68e86adbb416c2f45fe6f084134,0x452689820685effa47432bf168ee49a39cc1dc1dcf3de2738f37880659b98d38,0x0ecbba0ccb440e0d396456bacdb3ce2a716b96e5,0.3439000000000001,0.15630000000000033
PudgyPenguins_8558,2021-10-29 16:04:21,2021-10-29 23:37:20,1.2930000000000001,1.585,weth,eth,0xc3f484fa6a97b6c04f56f50d46a6a8c7f3983bcd2623de2417e21ac4e69d273e,0x047afa06c182b204e1b99459eedeeb219a94d889ba0826b8c7e80153e031dbe6,0x0ecbba0ccb440e0d396456bacdb3ce2a716b96e5,0.2919999999999998,0.18104999999999993
PudgyPenguins_8777,2021-10-29 16:02:45,2021-11-01 19:03:01,1.2930000000000001,1.399,weth,eth,0x8b49e6f03285fdb7ab8341a188b1c733a18485c71dc790e0513e3ee5eb73754a,0x141777b27f700f8bb6f4e9ae4e77c137bd6b2032c03d196292746cf1737f8202,0x0ecbba0ccb440e0d396456bacdb3ce2a716b96e5,0.10599999999999987,0.008070000000000022
PudgyPenguins_889,2021-11-01 10:43:56,2021-11-01 17:38:40,0.9992,1.249,weth,eth,0x3a85ad433bba3166bce259588d2bfe437970d10a34322b7d260ae4e379d5cdb0,0x9d2467937b0ef2c4e701a9236ec3488406c4674e3d58ad5d112186013e64d0ae,0x0ecbba0ccb440e0d396456bacdb3ce2a716b96e5,0.24980000000000013,0.16237000000000024
SHIBOSHIS_2327,2021-10-30 20:46:03,2021-10-30 23:19:56,1.3704999999999998,1.73,weth,eth,0x32727f6c78e226719f40ee363986249c4f6c4460b00a34ad6cdd50e724b2e658,0xabd3b913633fdf9bf05b76c2858737dce26f7ff4911351841d5742de8ebf8d3c,0x0ecbba0ccb440e0d396456bacdb3ce2a716b96e5,0.35950000000000015,0.23840000000000017
SHIBOSHIS_2328,2021-10-30 20:44:43,2021-10-30 22:58:48,1.3704999999999998,1.73,weth,eth,0xd82e150ac9139b1f12e48832caf30852cab58d68c8191c4fbc5e074120daa203,0xeb054192c91cee8d22d17c7f62d0d12061259326885b6ccc456f2513c4f2eb5b,0x0ecbba0ccb440e0d396456bacdb3ce2a716b96e5,0.35950000000000015,0.23840000000000017
SHIBOSHIS_343,2021-11-02 19:49:02,2021-11-03 15:46:26,1.7109999999999999,1.889,weth,eth,0x2f8e451747e17971ff7de8297a82a451c2ea5c6ebef5fbb95c6434f33c150e21,0x103933f4545b7ad669b395b976225a1880d4450df5861964127ee6964803617b,0x0ecbba0ccb440e0d396456bacdb3ce2a716b96e5,0.17800000000000016,0.04577000000000031
SHIBOSHIS_4665,2021-11-04 01:59:39,2021-11-05 01:39:58,1.4807499999999998,1.47,weth,eth,0x9ad084ecf5cc9b3c411718525f4344a9e11ecf8b0dc0aa9b5943bd33dbb21d51,0x01807f7e96791a32d27995077368b1c4f367576d06b8f833c7e974796155352e,0x0ecbba0ccb440e0d396456bacdb3ce2a716b96e5,-0.010749999999999815,-0.1136499999999998
SHIBOSHIS_4668,2021-10-21 20:14:25,2021-10-21 20:44:07,0.705,0.85,weth,eth,0xebd8c29b4480e77983b1f4fdc1632ce15deb4c1b2773b4570b45955efd9e69b8,0x6d4bb6a47b021d637442cd3c67d36b4d3f342a8257d4122c70b50de30b556621,0x0ecbba0ccb440e0d396456bacdb3ce2a716b96e5,0.14500000000000002,0.08550000000000002
SHIBOSHIS_4855,2021-11-18 19:16:07,2021-11-19 22:45:22,0.8617,1.149,weth,eth,0xfe91432c4612e4b5da5b199a870569a438673e009b06fb924ff171924f63b513,0x082c7518a06799f11b2cc4d1eee5ca3cf9c3e73268e82bcd0604269a303852ea,0x0ecbba0ccb440e0d396456bacdb3ce2a716b96e5,0.2873,0.20687
SHIBOSHIS_5090,2021-11-05 23:32:20,2021-11-06 23:00:46,1.3569,1.55,weth,eth,0xcc2a0511bb5489296cf4834c9a87a07352c4cdffb53d68fd9c9ca31204c09b5d,0x954c8e52ef36e4880f0ee1ac1c697373ac084c6e824cb142cc3237ee061f8b6e,0x0ecbba0ccb440e0d396456bacdb3ce2a716b96e5,0.19310000000000005,0.08460000000000023
SHIBOSHIS_6493,2021-10-17 22:50:53,2021-10-18 02:44:22,1.0236999999999998,1.298,weth,eth,0x220ed510a13b1b9003b4aaa56d24560f59bc201600c9c3562b7cd04af0f1c066,0xcc05497f5f13bba781b54ffe5df20ec453a77bfad62f1d10c8e7b59e2d8cd8a1,0x0ecbba0ccb440e0d396456bacdb3ce2a716b96e5,0.2743000000000002,0.18344000000000027
SHIBOSHIS_6620,2021-11-12 22:22:01,2021-11-13 03:47:17,1.106,1.479,weth,eth,0xb404b31e980ad168d2fe1a42d8816bfcca45b1b77fdce08fa68fe8ba6b8c7ef3,0x65d7df8d3d9a84d33f8fa51fd1295230f272f461a335f351622f9759788a0064,0x0ecbba0ccb440e0d396456bacdb3ce2a716b96e5,0.373,0.2694700000000001
SHIBOSHIS_6958,2021-10-17 17:12:39,2021-10-17 19:27:51,0.991,1.249,weth,eth,0x02835f9f0dd13e9023e32842e4f4e9b8db6b95ec02c71b5b41f6487bfb0f34ff,0x6ebeeb77101404c98db9488a8880b4417eeb23a7407fb906e2742876d221f6ee,0x0ecbba0ccb440e0d396456bacdb3ce2a716b96e5,0.2580000000000001,0.17057000000000022
SHIBOSHIS_6959,2021-10-17 17:16:32,2021-10-17 18:33:13,0.991,1.249,weth,eth,0x075c63d92382a969bc10add7633a3b8a7ab430a55229dd61b12d412083aa3f59,0xeb459e08e981c4fbcd863446029cc08ce2c60fb5d798fa098d0cce56720cf94d,0x0ecbba0ccb440e0d396456bacdb3ce2a716b96e5,0.2580000000000001,0.17057000000000022
SHIBOSHIS_7415,2021-10-30 19:18:25,2021-10-30 21:45:37,1.4030409999999998,1.74,weth,eth,0x6ca401dbb3231acd22393b1325fd67ee484b4acb44ed7799dd981b716e8c6239,0xeb5ebcdeff96605d148410bf49b7b4dce0620e77c5d5c3427c5025f0a0220a07,0x0ecbba0ccb440e0d396456bacdb3ce2a716b96e5,0.33695900000000023,0.21515900000000032
SHIBOSHIS_7931,2021-10-25 06:23:24,2021-10-25 10:00:19,0.9009999999999999,1.109,weth,eth,0x6d05700f0c2cd435b4b5d86a43a5385e080e761ed9770e5b9d4f3d2feb112f8e,0x71340029f458acf25ff31e3255eda650b1e52a53bd6f36d807c9119c87893ec7,0x0ecbba0ccb440e0d396456bacdb3ce2a716b96e5,0.20800000000000007,0.1303700000000002
SHIBOSHIS_8142,2021-10-22 16:41:32,2021-10-23 06:14:31,0.6275,0.795,weth,eth,0x29011a7f0fe6a8b16b41c2fae66461084f9709c3eac35eb0f7364d4cbd3b105d,0xe63fee77d0b68e35595c2343c1989313c5317393892e199e07344e4a3df939f4,0x0ecbba0ccb440e0d396456bacdb3ce2a716b96e5,0.1675000000000001,0.11185000000000012
SHIBOSHIS_85,2021-10-19 09:14:59,2021-10-19 11:48:46,0.9584,1.17,weth,eth,0x99bb0ff5f9e35bbef8cafe48f4c85cf6b4cd238d06c8369c308d728ab23f8199,0x92dcd7d9d2630fb78aae37a070b0f359dd57bbcbb65bd6d52a774d427c5fcd84,0x0ecbba0ccb440e0d396456bacdb3ce2a716b96e5,0.2115999999999999,0.12970000000000004
SHIBOSHIS_8764,2021-11-08 09:06:28,2021-11-10 05:01:44,1.2009999999999998,1.28,weth,eth,0x41bbdbb26cce7461b422914d8478898d907f19f34efd42e1343df51b4fd3122b,0xf9ea7bd16cc02ddb237822395d979cfdd7c663abd20dcca374f858a97113716f,0x0ecbba0ccb440e0d396456bacdb3ce2a716b96e5,0.07900000000000018,-0.01059999999999972
SHIBOSHIS_8793,2021-10-18 12:29:32,2021-10-18 14:20:04,0.9962068999999999,1.179,weth,eth,0xbecee8983534b5dbffb954a8deeb3093b0845d76e9d113c9288b08df1bd78931,0xf690d40600cdc0d78be50abc982ab4d708d0927918faf0be94a662ab152a0bee,0x0ecbba0ccb440e0d396456bacdb3ce2a716b96e5,0.18279310000000015,0.10026310000000016
Sneaky Vampire Syndicate_1143,2021-10-20 10:41:18,2021-10-21 14:46:56,1.2465,0.8442,weth,weth,0x55cef578f98d56e0cd7189ad1ff022ffc91799ef2e19f4964422b5707e881678,0xd298b041bc324905f1c84111622747a6b3a1b26f42a03f585729796b7c5e5d98,0x0ecbba0ccb440e0d396456bacdb3ce2a716b96e5,-0.4023,-0.46139399999999997
Sneaky Vampire Syndicate_2489,2021-10-18 01:30:22,2021-10-18 06:04:42,1.2524,1.689,weth,eth,0x26a64af9b7fcc36d7a1ccf610fa3b35be1dfaedac175a4ea1066f4616bdd0b6b,0x54b52e7da10872d80f7149de8668e516d90535143ed7c33b4266be4741ea7ae2,0x0ecbba0ccb440e0d396456bacdb3ce2a716b96e5,0.4366000000000001,0.31837000000000026
Sneaky Vampire Syndicate_2740,2021-10-20 08:50:46,2021-10-21 12:46:18,1.301,1.37,weth,eth,0x838479e9438dbae6d1e42034d2530a13c18677763fb3983038a5ec165ba65f8a,0x2dd9808e890ca3566c68bf0d0d3f751cd427a22e1563ad3dea93482dfe365eb5,0x0ecbba0ccb440e0d396456bacdb3ce2a716b96e5,0.06900000000000017,-0.026899999999999702
Sneaky Vampire Syndicate_4347,2021-10-20 10:41:45,2021-10-21 16:27:30,1.2409999999999999,0.85,weth,eth,0x69b887c8038c9a0f3a4541f7a2b1adb25a156dee0236fc09dd948f56cdfc4e1f,0x5bd0790d184c2905307efb1c7b1b29ce390b803ceea59fffc5623fcdcaa9bbba,0x0ecbba0ccb440e0d396456bacdb3ce2a716b96e5,-0.3909999999999999,-0.4504999999999999
Sneaky Vampire Syndicate_5136,2021-10-20 09:13:09,2021-10-21 12:57:55,1.301,1.37,weth,eth,0x1519e5998f0213be87e7c9920c895dfcfcc436c1cf66db72bc05ddc38577e499,0xfbc1174d38da327d2ca71a478127731844cd06241f897732c3ae758903377d7f,0x0ecbba0ccb440e0d396456bacdb3ce2a716b96e5,0.06900000000000017,-0.026899999999999702
Sneaky Vampire Syndicate_5934,2021-10-14 04:14:01,2021-10-14 20:44:23,1.3083999999999998,1.48,weth,eth,0xd5fc349c8ff9f01593664d428f9583670ce216d89f15abc51934e880562c4f61,0xa2f7f1960a4c1a0d05a8955e4313f669cb45639cce885242f1952bb74507f354,0x0ecbba0ccb440e0d396456bacdb3ce2a716b96e5,0.1716000000000002,0.06800000000000028
Sneaky Vampire Syndicate_6540,2021-11-01 16:55:59,2021-11-01 17:27:13,0.504,0.789,weth,eth,0xea3972132c1ef2924879db5a9ae07a61cd27a22ab6aade1d4710784f84730632,0x4a0ac5a99deb19912fdc1afc61eeac6c05dd4059a7d8ed5ae02c8e1df95693e8,0x0ecbba0ccb440e0d396456bacdb3ce2a716b96e5,0.28500000000000003,0.22977000000000003
StackedToadz_1329,2021-10-10 22:32:25,2021-10-11 00:49:41,1.235999999999999,1.59,weth,eth,0xb73e4582ebced635854bca96dda2acd6e667f047c90e9d7d8305a2ef7bd36021,0x7a9f38d2f5d9fcb6839bd0da578769d1ab3f20a54212f9edf8ef1de70dc2a477,0x0ecbba0ccb440e0d396456bacdb3ce2a716b96e5,0.354000000000001,0.24270000000000103
StackedToadz_2521,2021-10-10 22:35:47,2021-10-11 01:16:02,1.2254999999999996,1.4880000000000002,weth,eth,0x3c887f654bad3d835bc336ea5fde6b4431616d7e8e3f727ff47b8bf27ef942c6,0x5b083b405468e8f58dd4e8b8cc8a2cba72254fcbdf175125bcdc01612e3cfebe,0x0ecbba0ccb440e0d396456bacdb3ce2a716b96e5,0.2625000000000006,0.1583400000000006
StackedToadz_284,2021-10-10 22:37:33,2021-10-11 00:46:25,1.2198,1.59,weth,eth,0x5d993427202545517ef5dfd20d9bdfe232b4b0733f61cad5d0ff97feeabf444d,0x77847221249b333ec6053510a08540b41369bdaed2815d867e7c1dfc134d098b,0x0ecbba0ccb440e0d396456bacdb3ce2a716b96e5,0.3702000000000001,0.25890000000000013
StackedToadz_942,2021-10-10 22:30:15,2021-10-11 00:50:03,1.3083,1.59,weth,eth,0x61533427b0de69e94fc9bbdb3f1d2740caf8555c815d86610062f569f20db535,0x0f03b42dcb19950f77f38cdcfaad613d172481d13a7c93a80d5866f482059c4e,0x0ecbba0ccb440e0d396456bacdb3ce2a716b96e5,0.28170000000000006,0.1704000000000001
SupDucks_1205,2021-10-28 15:47:22,2021-10-29 13:07:12,1.704,1.99,weth,eth,0x02c3e8c9b4414322ba58248de8194242583fcdc0b78d5a6db43d2ac833977234,0xcf907e4a6f89051f4bf01b4e0f7b9d92e724b9dbc2ffe3cae096cfd486107e06,0x0ecbba0ccb440e0d396456bacdb3ce2a716b96e5,0.28600000000000003,0.14670000000000005
SupDucks_1512,2021-10-23 14:05:31,2021-10-24 10:27:00,1.802,2.295,weth,eth,0xaa37547a333b83866950159597caa5fa73b95960593528a18dab95d4192acf7a,0xe3da3821768675e5776eff63996619c1f6dded6f520dfa39b5ca730bfe7feed4,0x0ecbba0ccb440e0d396456bacdb3ce2a716b96e5,0.4929999999999999,0.3323499999999999
SupDucks_2546,2021-10-10 15:59:36,2021-10-12 20:52:34,2.501,2.295,weth,eth,0x06f156de6f7654ecb6f0147d3cebffd3b1117e27e158dab4720c2b65b7444c48,0x570b0dc0dacf0b7de1c221ff771997084b5e03709723342f5354436bdcda6bbf,0x0ecbba0ccb440e0d396456bacdb3ce2a716b96e5,-0.20599999999999996,-0.3666499999999999
SupDucks_2572,2021-11-07 15:46:14,2021-11-13 04:59:09,1.351,1.46,weth,eth,0xcb81322d7c4c3dd8a2d8f4da45a891934815093a139eda19a4ff8f4ff27fc4b7,0x5bc56406f9f933b7a215132784f2b6526a2cb9a016f1cca91178310451e0469c,0x0ecbba0ccb440e0d396456bacdb3ce2a716b96e5,0.10899999999999999,0.006800000000000139
SupDucks_2794,2021-10-18 18:38:15,2021-10-19 00:55:56,1.251,1.578,weth,weth,0xc567bc0c067e3c2fd1678959073f9b81d273a8547f715f87eaaa49786fb97e69,0x9fa7114e1452ec43b2990d7f4a1a7cb74baa3ea800d3e41891fb6114d99b397c,0x0ecbba0ccb440e0d396456bacdb3ce2a716b96e5,0.3270000000000002,0.21654000000000018
SupDucks_3900,2021-10-10 15:58:46,2021-10-13 03:27:03,2.3196,2.1790000000000003,weth,eth,0x8e1aa26ee84f2e1496c973f7972b02fc4eba8abdc635856ac37123f20461fd82,0x35da1b983a5540c242b0854083e225213785a7d5c14f8fc3701609b134f54c50,0x0ecbba0ccb440e0d396456bacdb3ce2a716b96e5,-0.14059999999999961,-0.29312999999999967
SupDucks_5082,2021-10-24 19:55:33,2021-10-26 01:43:14,1.911,2.19,weth,eth,0xfb1788ce77e3249cd4d6483b2d31f399a0e178401fb15469e9a86b6c5f2389f6,0x1bbd39e8b8bbaa0e6d454f434b081c22ea32afd3da3e3a648c73edbda7d26023,0x0ecbba0ccb440e0d396456bacdb3ce2a716b96e5,0.2789999999999999,0.12570000000000014
SupDucks_5436,2021-11-08 11:25:13,2021-11-10 21:12:53,1.2526,1.38,weth,eth,0xcc33a9463f9a9c1a356221162454059ef0d2fe9b9fd33eb5d034bdc04b98e730,0xa57c3cbcaeadfc8ef330e9888ce0d84511078694f4f03631afa58731426f1aad,0x0ecbba0ccb440e0d396456bacdb3ce2a716b96e5,0.12739999999999996,0.03079999999999994
SupDucks_6274,2021-10-11 15:03:36,2021-10-12 15:05:41,1.902,2.385,weth,eth,0x6d7174fa48a075cec4c97e1cff79acd707b143242f1fb68b0709270e29c854b9,0x19987dde9609902cc7da4d095865de94531d9d8005524c6ebac4d52abad870c6,0x0ecbba0ccb440e0d396456bacdb3ce2a716b96e5,0.4829999999999999,0.31604999999999994
SupDucks_6390,2021-10-18 22:31:25,2021-10-19 05:05:08,1.251,1.649,weth,eth,0x54be84db291a7eb10160a10bd91ac701d70a227bea325ab500cd83fb1ff7e563,0x333a8bf8036742f90ef2bee4447a8060a55246f35e6f42f462e481ecdc2487e8,0x0ecbba0ccb440e0d396456bacdb3ce2a716b96e5,0.39800000000000013,0.2825700000000002
SupDucks_7068,2021-10-24 19:55:46,2021-10-25 07:47:45,1.8823,2.195,weth,eth,0x57f597792b2232731524d6ae7aab006953985cdbfbe21c2f649e9f330ae8b33b,0x6cee304019a6b03d7506605a025cdaf1c575f2e45d4fb4c2d5a09e9be9da36a7,0x0ecbba0ccb440e0d396456bacdb3ce2a716b96e5,0.31269999999999976,0.1590499999999999
SupDucks_7262,2021-10-13 04:30:33,2021-10-13 12:44:06,1.5383,1.989,weth,eth,0x8d18308f85349dfa94350d9dbfcee7566426556fce215b6e93cbda56bb0e7e7e,0xcbcfb96d3203c77414f73767127c5e620f3484ff8802ae67726ce6ed855775d7,0x0ecbba0ccb440e0d396456bacdb3ce2a716b96e5,0.4507000000000001,0.31147000000000014
SupDucks_7592,2021-10-07 22:28:52,2021-10-07 23:29:51,2.251,2.99,weth,eth,0xeac025378affca6bbc016a8192f64857ca5e28085065acc60f1f070d7ae8fb1c,0xef9776fdb6a05b17e3af7ea835ead7803a21e996bae2fa013bbad1036d490fdb,0x0ecbba0ccb440e0d396456bacdb3ce2a716b96e5,0.7390000000000003,0.5297000000000005
SupDucks_7936,2021-10-06 12:03:04,2021-10-08 03:19:39,2.3025,2.95,weth,eth,0x8ee64b41170eac5cb9ca27019dd3d38ade17b5c6313d5d01f6ee1a7212a9fdb2,0xe53be98e4296e40a588109d91b87647641938199e4ee57cc958e8bda3496457a,0x0ecbba0ccb440e0d396456bacdb3ce2a716b96e5,0.6475,0.4410000000000003
SupDucks_8703,2021-12-04 14:07:34,2021-12-06 04:21:39,0.8805,1.075,weth,eth,0xee72197e1abe678a9f9262046959d7b9d6c98b0850ceb783ae507efa5b7d1bc7,0x3e99c6c4d96637e16957f56a9991bfdc4c851e8d916e4dcfbf9af19338ac23c3,0x0ecbba0ccb440e0d396456bacdb3ce2a716b96e5,0.1945,0.11925000000000008
SupDucks_8973,2021-10-14 18:53:58,2022-01-12 21:55:01,1.601,3.0,weth,eth,0x12174c08f3d78fc6be54bcafee48cfff016ff2b5c861e5cbee57d68c81fd2e5d,0x14542d67c3a27a9a9c362aba855bd6729ffaa781e8c0fa61e8ef8335a54dafb2,0x0ecbba0ccb440e0d396456bacdb3ce2a716b96e5,1.399,1.189
SupDucks_9117,2021-10-24 19:57:18,2021-10-25 19:27:45,1.901,2.14,weth,eth,0x514afb84740c5830a5805fef815cbbe576f151a137062d226c06e4904b7d2528,0x1a98fbaf5b4f20782b510105dbc09572df68033989d4a45061414f3c89c8eca5,0x0ecbba0ccb440e0d396456bacdb3ce2a716b96e5,0.2390000000000001,0.08920000000000017
SupDucks_9157,2021-10-24 19:54:14,2021-10-24 20:52:46,1.9061,2.24,weth,eth,0xfcdd5fcf9db24bb08e1d40f5a85b04e720aa17b10ba1fb4af71c5c6bb47d460a,0x0ccc6da744d9cc3ba17369d95c866cccaafec2412d04603bdee5d26ee0d00fa6,0x0ecbba0ccb440e0d396456bacdb3ce2a716b96e5,0.3339000000000003,0.17710000000000026
SupDucks_9448,2021-09-24 14:41:38,2021-09-24 15:23:33,3.7619,4.285,weth,eth,0x810cafb71ab34cfebed53ce5e9d4f9ef5cab8c9f1f2b6eda7675ca55393e3ab6,0x54a38669d94146e7ccde3a4fcc91f4aa51c5bcac78590683761623eacbcdf992,0x0ecbba0ccb440e0d396456bacdb3ce2a716b96e5,0.5231000000000003,0.2231500000000004
SupDucks_9604,2021-10-09 15:51:17,2021-10-09 19:02:29,2.6510000000000002,2.98,weth,eth,0x63d212f571692d05cab73f2e977b66da904c5742e001fcee333b43d833491b5e,0x36d5ac4d646cc80454895fac8e9b7baef8e8d64b0dc50fc6baa50a6e928b961d,0x0ecbba0ccb440e0d396456bacdb3ce2a716b96e5,0.32899999999999974,0.12040000000000006
The Doge Pound_2190,2021-10-10 03:17:57,2021-10-10 13:32:42,2.7219,3.69,weth,eth,0x58e1f42b7a25c190fc07a4efb03c13d4bbffa76db01b84f798a5eabd9b21a2cf,0x4b95f55f497759c5721a4a604b35ec55bee7e180e3c75671da4fc2b7124ee5d1,0x0ecbba0ccb440e0d396456bacdb3ce2a716b96e5,0.9680999999999997,0.7098
The Doge Pound_3290,2021-10-04 13:59:51,2021-10-04 14:52:12,2.4286,2.86,weth,eth,0x991b544fb1702d7cb3008a8446bc0cbcb6654a4714fca40b6eea7bd582f8d02b,0xd668f714bdbd02b759928986955cf0e498e76f2a900a86cd31fdb968df5c47f9,0x0ecbba0ccb440e0d396456bacdb3ce2a716b96e5,0.4314,0.2312000000000003
The Doge Pound_3372,2021-10-13 17:10:19,2021-10-14 01:10:34,2.6054,2.96,weth,eth,0xf06909a1e322298bc85717a0bc65e8f3033dd17fecbce08b5f4fe06c7586ecfa,0x607665e3edea4a92f66cb10e71a8b6ac6b27e3a7bad3568e8788ea33bdb86f5d,0x0ecbba0ccb440e0d396456bacdb3ce2a716b96e5,0.3546,0.1474000000000002
The Doge Pound_360,2021-10-07 07:49:08,2021-10-07 11:00:10,3.261,3.71,weth,eth,0x28cdf55cd9209ba9027391ccf99c34ae77c73720866717e5bff1530b3eb1d8a6,0x81969dcdc7a11e98f1ac95d921a0ff3de1311a4ccc723932141e846c5ba24ec3,0x0ecbba0ccb440e0d396456bacdb3ce2a716b96e5,0.44899999999999984,0.18930000000000025
The Doge Pound_7162,2021-10-05 14:38:58,2021-10-05 20:29:39,3.011,3.37,weth,eth,0xa490f34a2cb395c2f7658d2097d00288ba21b2306b9b6dc02ea4f642ce130a7f,0x42eb0a2ffe02ac0d2324d59d2305e88390ea61ab912ca4eda46746753a2041b5,0x0ecbba0ccb440e0d396456bacdb3ce2a716b96e5,0.359,0.12309999999999999
The Doge Pound_7210,2021-10-07 07:41:28,2021-10-07 12:57:31,3.261,3.59,weth,eth,0xbd5c79235ba6155307180333091d875b380fd4366d1744115429227c055ad300,0x8e02a90ac3ffbf1349ee4091703138d35899e65f7869551d2868c0277206edb9,0x0ecbba0ccb440e0d396456bacdb3ce2a716b96e5,0.32899999999999974,0.0777000000000001
The Doge Pound_7705,2021-11-21 06:21:42,2021-11-21 11:35:28,1.879,2.04,weth,eth,0x44fbc0460c6290f6209e77745fc898510065ce5aa074a8571ee858d62753b5dd,0x92467573e9594249f3b95313c50581982b464dae995f1af382f9bdcb10d17b63,0x0ecbba0ccb440e0d396456bacdb3ce2a716b96e5,0.16100000000000003,0.018200000000000216
The Doge Pound_7850,2021-10-17 04:18:39,2021-10-17 11:05:31,2.3514,2.889,weth,eth,0xbdfd784237c53d89b7d07cbe397dcde0e2a1f20a2317e4b365d3aba605f7d767,0xd6279890a50a1892c27a128299de766d20e6b67a58c7d95cac639fcebe52f380,0x0ecbba0ccb440e0d396456bacdb3ce2a716b96e5,0.5375999999999999,0.33537000000000017
The Doge Pound_8489,2021-10-14 20:00:37,2021-10-14 22:59:46,2.6554,3.08,weth,eth,0x5a8cb3a4f7a2f789109ab07468694386e1f069e4fccbabbeb7f7f764b892517e,0x41f4d0b953c64b7741cfd41af1c49ce6a3c06123a32c4c0dc0aadd9197b8fbb9,0x0ecbba0ccb440e0d396456bacdb3ce2a716b96e5,0.42459999999999987,0.20900000000000007
The Doge Pound_8690,2021-10-30 03:10:48,2021-10-30 17:46:27,2.2402,3.24,weth,eth,0xa57d9e428861066d9346b601d3e56a6e746c72b50050d5ae186f7d5cc8f086b3,0x1be60fee5cfd601ffe4a3f5986aab90b476035851006302ee28d6bf6de81aa81,0x0ecbba0ccb440e0d396456bacdb3ce2a716b96e5,0.9998,0.7730000000000001
World Of Women_1303,2021-10-16 19:00:47,2021-10-16 20:19:58,1.4009999999999998,1.7,weth,eth,0xbe8cbabaa4ef7f94e853272b60e568d3ae59b56a26ac70cd9e314268cdcf2b46,0x844a0395cf455fb65d3bffe6c299358f375641f60ee892d2d3128a7259e38810,0x0ecbba0ccb440e0d396456bacdb3ce2a716b96e5,0.29900000000000015,0.18000000000000016
World Of Women_1683,2021-11-07 00:14:11,2021-11-07 05:00:27,1.301,1.8,weth,eth,0x3ef8a01a5608c54cb2e9c089aca1bd395d14b288d636a7ce6cf638c5ff72e5cf,0x7a684a5fe55d834cb92b76f8d702d60584089d5c85e67a93e5cbab000bcbdd87,0x0ecbba0ccb440e0d396456bacdb3ce2a716b96e5,0.4990000000000001,0.3730000000000002
World Of Women_2883,2021-10-21 04:23:34,2021-10-21 10:14:51,1.551,1.86,weth,eth,0x4ee40b5e76763ee37295bb572ff25b57ba384ff5808f203bf2d8c04b838626ef,0x6e43db9728e20402c9b3867dbbe2a85f9ce8ab871301423e346a99f9a4fc190c,0x0ecbba0ccb440e0d396456bacdb3ce2a716b96e5,0.30900000000000016,0.1788000000000003
World Of Women_372,2021-10-30 09:16:55,2021-11-01 14:06:30,1.4049999999999996,1.649,weth,eth,0xb25e121cfbfae75e74002a6bd0a35e4dc5cf682bc701e1e9135e307fb937c41c,0x1894ba9276e1f90c5866679e54c6d8941121e2e10b6007c9527877f5bf3a0269,0x0ecbba0ccb440e0d396456bacdb3ce2a716b96e5,0.24400000000000044,0.12857000000000052
World Of Women_3816,2021-10-07 18:16:46,2021-10-08 00:32:16,1.811,2.41,weth,eth,0x95e378cc032957aac469e8388fa824ac9c82344b586481bb7e3b0c0a1594dc4e,0x64d2064181b5440247c5d0a314f030ac1c80c876ad146d17cab01b52603cc29b,0x0ecbba0ccb440e0d396456bacdb3ce2a716b96e5,0.5990000000000002,0.43030000000000035
World Of Women_4738,2021-09-30 04:38:47,2021-09-30 13:09:23,2.93101,3.28,weth,eth,0xb58d976788dd724716d58fe7f7bf713eeb2f31586b5eaff6995ac72044f7b7b6,0xd82e856146167955b7b8ecbbc6088a0f8e0ffc8ee9c20d6bf4970270c1016f7e,0x0ecbba0ccb440e0d396456bacdb3ce2a716b96e5,0.3489899999999997,0.11938999999999966
World Of Women_4844,2021-10-16 14:25:05,2021-10-17 03:16:49,1.6729999999999998,1.825,weth,eth,0xcab14db21dd39a0ec8dd2cf5da7c34b9dc34e141403e2ac1052116b9f12ee152,0x11b1e6f8f4ddbd5697af4c0dda2460a8fc8cf8566214afc63749e6adffefdcd1,0x0ecbba0ccb440e0d396456bacdb3ce2a716b96e5,0.15200000000000014,0.024250000000000327
World Of Women_5169,2021-11-21 09:05:39,2021-11-21 11:21:25,1.4669999999999999,1.78,weth,eth,0xf5c1a2a7465fa5a002bbbb94de9d472ee9006cd020522c308575d1db4e18f753,0x2fa0fb7406669cba4246f9a34638f6074c8c47f10e5c6a01ccdbc39719bc0765,0x0ecbba0ccb440e0d396456bacdb3ce2a716b96e5,0.31300000000000017,0.18840000000000034
World Of Women_5579,2021-10-14 05:31:42,2021-10-15 15:19:19,1.7030999999999998,1.91,weth,weth,0x2eb7e1574a8a5503cf87ae1d82f1cdab49aa3f8a86f98f85cd073eb80b226654,0x6628ab824d1ac121e7727127aeb2187ad5bbd1e3b1dee1c2356cdb29c8a33560,0x0ecbba0ccb440e0d396456bacdb3ce2a716b96e5,0.20690000000000008,0.07320000000000015
World Of Women_5657,2021-10-30 05:22:02,2021-10-30 11:52:05,1.3884999999999998,1.79,weth,eth,0x8326b0b4f13eee3795a6ed96f870d4ed2bf212db98a448375d902d3dd5656b81,0x008cf0c0d042bcf3af4d54e39e3872dfd729ef616c6572c41019e40435ad75a7,0x0ecbba0ccb440e0d396456bacdb3ce2a716b96e5,0.4015000000000002,0.2762000000000002
World Of Women_6742,2021-11-02 08:40:55,2021-11-03 21:29:34,1.251,1.43,weth,eth,0x384b9e06f013fc061243070de593357127d68891532d99b0c3bc6525eb482fcd,0x50ea9cd6dcc03b879a76227196bddc14c96f1acf4747005539192e6618968f21,0x0ecbba0ccb440e0d396456bacdb3ce2a716b96e5,0.17900000000000005,0.07890000000000019
World Of Women_8441,2021-10-10 13:23:39,2021-10-10 14:27:18,1.953,2.32,weth,eth,0x17e3d935baeb11f89165a8ef72937c42f5a817b30119b46f050fdb9fa25d5ace,0x1a93aa7ef232227bd96f4bdd43cf373956aa7dbddd58647ebbf1dc49a11ff954,0x0ecbba0ccb440e0d396456bacdb3ce2a716b96e5,0.36699999999999977,0.2045999999999999
World Of Women_8625,2021-10-05 14:01:32,2021-10-06 04:46:34,2.155,2.69,weth,eth,0x95bdab1f9c0c36af803802afa4a50eb669129fccd81f691e242580cc48d8bd1e,0xdc37ef34a9303a88f89c6e00ad55b629a02e8540269f5a81b6bc318d72c8d4f0,0x0ecbba0ccb440e0d396456bacdb3ce2a716b96e5,0.5350000000000001,0.34670000000000023
World Of Women_9996,2021-10-14 16:56:05,2021-10-15 04:03:35,1.801,2.145,weth,eth,0x860ee0d3e198b5883a8187243b3eb97c6ebbb0938ade7a2999d4294f9acbd7fd,0xfb5d846700e7c2b568143a01c136097e035d278b826194549a04a848e1d50bdc,0x0ecbba0ccb440e0d396456bacdb3ce2a716b96e5,0.3440000000000001,0.19385000000000008
