token_id,time_est,time_est_sell,price,price_sell,floor_price,floor_price_sell,price_ratio,price_ratio_sell,pnl,pnl_w_fees,model_file_idx,model_dt_est,price_ratio_pred,price_ratio_diff,holding_period_days,listed_file_idx,listed_dt_est,rarest_trait,rarest_trait_price_1,rarest_trait_price_2,rarest_trait_price_3,edge,required_edge,edge_ratio,cumul_pnl_w_fees,days_ago_buy,bucket,cumul_pnl_w_fees_bucket
2118,2022-02-24 19:33:14,2022-02-24 20:53:13,2.8,2.694,2.35,2.694,1.1914893617021276,1.0,-0.10599999999999987,-0.3753999999999999,23,2022-02-24 13:18:13,1.0608887620999716,-0.13060059960215598,0,18,2022-02-24 13:26:29,headgear_rapper bandana,2.8,3.25,3.45,-0.13060059960215598,0.20443165775019562,-0.6388472364771547,-0.3753999999999999,36,"(-0.64, 0.0369]",-0.3753999999999999
2810,2022-02-24 02:40:11,2022-02-24 11:04:41,1.95,2.3,2.1,2.28,0.9285714285714285,1.0087719298245614,0.34999999999999987,0.11999999999999988,21,2022-02-23 22:05:43,1.0237413771577846,0.09516994858635608,0,16,2022-02-23 22:14:22,headgear_mafia,1.95,4.2,4.2,0.09516994858635608,0.07283153146682216,1.3067135438406923,-123.49790000000002,37,"(0.953, 10.534]",0.11999999999999988
2974,2022-02-26 12:25:54,2022-02-27 10:10:52,3.43,3.3,3.42,3.28,1.0029239766081872,1.0060975609756098,-0.13000000000000034,-0.46000000000000035,27,2022-02-26 09:19:31,1.0102359440692654,0.007311967461078206,0,22,2022-02-26 09:27:57,headgear_ww2 pilot helmet,2.29,2.35,2.5,0.007311967461078206,0.9551418137265486,0.007655373637711539,-27.069500000000005,35,"(-0.64, 0.0369]",-0.8354000000000003
3966,2022-03-13 12:57:24,2022-03-14 08:45:17,2.29,2.87,2.275,2.7,1.0065934065934066,1.0629629629629629,0.5800000000000001,0.29300000000000004,45,2022-03-12 08:36:34,1.1200060975231234,0.11341269092971684,0,40,2022-03-12 08:44:02,headgear_cat ears,2.29,3.6,3.65,0.11341269092971684,0.11661894226305075,0.9725065990900368,-122.3934,20,"(0.953, 10.534]",0.4129999999999999
1271,2022-02-23 18:40:48,2022-02-24 05:36:34,2.59,2.14,2.55,2.08,1.0156862745098039,1.028846153846154,-0.44999999999999973,-0.6639999999999997,20,2022-02-23 09:16:58,1.0371820982112643,0.021495823701460415,0,15,2022-02-23 09:26:03,headgear_spinner hat,2.145,2.3,2.45,0.021495823701460415,0.5923158829288883,0.036291148559393166,-31.54630000000001,37,"(-0.64, 0.0369]",-1.4994
1951,2022-02-17 06:16:51,2022-02-17 22:04:41,2.725,3.07,2.89,2.9,0.9429065743944637,1.0586206896551724,0.34499999999999975,0.037999999999999756,6,2022-02-16 23:08:12,1.1129848494064165,0.17007827501195283,0,1,2022-02-16 23:18:32,headgear_spinner hat,2.725,2.89,3.0,0.17007827501195283,0.24052319653148402,0.7071179722563263,-116.67060000000004,44,"(0.349, 0.953]",0.037999999999999756
2710,2022-03-01 19:53:10,2022-03-02 14:15:14,2.57,2.59,2.55,2.35,1.007843137254902,1.102127659574468,0.020000000000000018,-0.239,32,2022-03-01 10:10:31,1.103131512777326,0.09528837552242408,0,29,2022-03-01 10:20:54,headgear_bucket hat,2.57,3.5,3.5,0.09528837552242408,0.14346590319598967,0.6641883081602326,-116.70860000000003,31,"(0.349, 0.953]",-0.20100000000000023
4913,2022-02-20 09:23:32,2022-02-21 05:46:28,3.3,3.95,3.3,3.55,1.0,1.1126760563380282,0.6500000000000004,0.25500000000000034,14,2022-02-20 08:34:51,1.315101226204069,0.3151012262040691,0,9,2022-02-20 08:43:05,headgear_goggle yellow,2.2,2.4,3.1,0.3151012262040691,0.5003705414260006,0.6297357660306411,-116.25960000000003,41,"(0.349, 0.953]",0.054000000000000103
3302,2022-02-23 18:46:33,2022-02-24 01:02:44,2.8689999999999998,2.6,2.75,2.49,1.0432727272727271,1.0441767068273091,-0.2689999999999997,-0.5289999999999997,20,2022-02-23 09:16:58,1.0567768703475289,0.013504143074801744,0,15,2022-02-23 09:26:03,headgear_rapper bandana,2.82,2.8689999999999998,3.1,0.013504143074801744,0.2780561827630615,0.04856623917012109,-37.86410000000001,37,"(0.0369, 0.164]",-0.5289999999999997
3658,2022-02-24 06:12:41,2022-02-24 22:53:01,2.19,2.6889999999999996,2.19,2.6889999999999996,1.0,1.0,0.49899999999999967,0.2300999999999997,21,2022-02-23 22:05:43,1.0504589710042145,0.05045897100421448,0,16,2022-02-23 22:14:22,headgear_cat ears,2.19,3.6,3.9,0.05045897100421448,0.11117508617585811,0.453869412112691,-109.52760000000004,37,"(0.349, 0.953]",0.2840999999999998
3880,2022-02-26 23:28:22,2022-02-27 20:14:00,4.5,3.97,3.7,2.84,1.2162162162162162,1.3978873239436622,-0.5299999999999998,-0.9269999999999998,28,2022-02-26 20:55:40,1.568326645609589,0.3521104293933728,0,24,2022-02-26 23:25:16,headgear_cat ears,3.0,3.89,3.97,0.3521104293933728,0.9463723850075162,0.37206329661719395,-102.29450000000001,34,"(0.349, 0.953]",-0.6429
86,2022-02-18 10:34:26,2022-02-19 05:27:27,2.95,3.1,2.96,2.97,0.9966216216216217,1.0437710437710437,0.1499999999999999,-0.16000000000000014,9,2022-02-18 08:33:49,1.1084061830405083,0.1117845614188866,0,4,2022-02-18 08:42:21,background_candycane,2.95,3.1,3.2489999999999997,0.1117845614188866,0.3107356039300437,0.35974172256119324,-100.63350000000001,43,"(0.349, 0.953]",-0.8029000000000002
5061,2022-02-26 22:57:38,2022-02-27 13:20:57,3.5,2.95,3.42,3.0,1.023391812865497,0.9833333333333334,-0.5499999999999998,-0.8449999999999999,28,2022-02-26 20:55:40,1.1474039428950311,0.12401213002953404,0,23,2022-02-26 21:03:38,mouth_lollipop,3.3989999999999996,3.49,3.5,0.12401213002953404,0.4187956749547742,0.2961160715017559,-90.31180000000002,34,"(0.164, 0.349]",-0.8449999999999999
689,2022-02-24 19:32:20,2022-02-24 20:02:01,2.5,2.45,2.35,2.54,1.0638297872340425,0.9645669291338583,-0.04999999999999982,-0.2949999999999998,23,2022-02-24 13:18:13,1.1160927890367947,0.05226300180275212,0,18,2022-02-24 13:26:29,outfit_vest,2.5,3.0,3.0,0.05226300180275212,0.18970053144353743,0.27550266414676705,-89.62440000000004,36,"(0.164, 0.349]",-1.1399999999999997
1448,2022-04-01 00:47:56,2022-04-01 15:29:38,1.75,2.3,1.95,2.1,0.8974358974358975,1.0952380952380951,0.5499999999999998,0.31999999999999984,64,2022-03-31 09:58:23,1.4541222396386146,0.5566863422027172,0,59,2022-03-31 10:29:29,background_beach,1.75,3.99,4.0,0.5566863422027172,0.06139992486220654,9.066563899744672,-122.33550000000001,1,"(0.953, 10.534]",0.7329999999999998
2182,2022-02-17 19:39:30,2022-02-18 01:47:05,3.0,3.6,2.7,2.98,1.111111111111111,1.2080536912751678,0.6000000000000001,0.24000000000000005,7,2022-02-17 08:22:24,1.1385221252076445,0.02741101409653357,0,2,2022-02-17 08:30:50,headgear_goggle black,3.0,3.29,3.525,0.02741101409653357,0.2497290439280378,0.10976302021334915,-59.076600000000006,43,"(0.0369, 0.164]",-0.28899999999999965
3151,2022-02-19 13:52:14,2022-02-20 10:24:08,3.55,3.49,3.48,3.24,1.0201149425287357,1.0771604938271604,-0.05999999999999961,-0.40899999999999964,11,2022-02-19 09:23:41,1.0701679981769534,0.050053055648217715,0,6,2022-02-19 09:31:57,background_dusk,3.15,3.55,4.25,0.050053055648217715,0.2040575303717527,0.24528894158931988,-83.94940000000001,42,"(0.164, 0.349]",-1.5489999999999993
4238,2022-02-24 19:30:56,2022-02-24 20:18:59,2.5,2.5,2.35,2.44,1.0638297872340425,1.0245901639344261,0.0,-0.25,23,2022-02-24 13:18:13,1.104860885589293,0.04103109835525043,0,18,2022-02-24 13:26:29,headgear_cat ears,2.5,2.85,3.0,0.04103109835525043,0.21908832819141325,0.18728107833933696,-77.67240000000001,36,"(0.164, 0.349]",-1.7989999999999993
445,2022-02-19 13:45:58,2022-02-20 00:42:33,3.5,3.6,3.48,3.59,1.0057471264367817,1.0027855153203342,0.10000000000000009,-0.25999999999999995,11,2022-02-19 09:23:41,1.056347093697529,0.050599967260747336,0,6,2022-02-19 09:31:57,headgear_cat ears,2.9,2.98,3.49,0.050599967260747336,0.394654765500354,0.12821324277332702,-67.17150000000001,42,"(0.0369, 0.164]",-0.5489999999999996
1601,2022-02-24 19:30:13,2022-02-25 09:34:53,2.45,2.87,2.35,2.87,1.0425531914893618,1.0,0.41999999999999993,0.1329999999999999,23,2022-02-24 13:18:13,1.0956278817852532,0.0530746902958914,0,18,2022-02-24 13:26:29,headgear_spinner hat,2.45,2.6,2.77,0.0530746902958914,0.296547668550722,0.1789752404909345,-77.42240000000001,36,"(0.164, 0.349]",-1.6659999999999995
3932,2022-02-23 01:15:18,2022-02-23 20:23:26,3.7,4.1,2.75,2.865,1.3454545454545455,1.4310645724258286,0.39999999999999947,-0.010000000000000508,19,2022-02-22 22:32:36,1.8140849768183338,0.46863043136378835,0,14,2022-02-22 22:41:00,outfit_king's robe,3.7,4.49,4.5,0.46863043136378835,0.1836095925831484,2.552319978334286,-126.8231,38,"(0.953, 10.534]",0.7229999999999992
2406,2022-02-24 19:34:19,2022-02-25 08:01:42,2.6,2.85,2.35,2.73,1.1063829787234043,1.043956043956044,0.25,-0.03500000000000003,23,2022-02-24 13:18:13,1.0991486354102986,-0.0072343433131056845,0,18,2022-02-24 13:26:29,headgear_commie hat,2.5,2.6,3.0,-0.0072343433131056845,0.22118328765335724,-0.032707459003157094,-11.875300000000001,36,"(-0.64, 0.0369]",-1.5344000000000002
2804,2022-02-25 10:48:59,2022-02-26 01:49:02,3.25,3.69,2.94,2.99,1.1054421768707483,1.2341137123745818,0.43999999999999995,0.07099999999999995,25,2022-02-25 09:37:59,1.2477192439556488,0.1422770670849005,0,20,2022-02-25 09:46:14,headgear_goggle orange,3.25,3.9,3.95,0.1422770670849005,0.18775871682351092,0.7577654422225192,-117.41460000000004,36,"(0.349, 0.953]",-0.7319000000000002
2499,2022-03-08 10:48:13,2022-03-09 07:57:38,2.2,2.55,2.199,2.199,1.0004547521600728,1.159618008185539,0.34999999999999964,0.09499999999999964,38,2022-03-07 11:58:16,1.5533861427810023,0.5529313906209294,0,35,2022-03-07 12:10:06,headgear_hair white,2.2,3.5,3.69,0.5529313906209294,0.1132907490888366,4.880640255872525,-125.2005,25,"(0.953, 10.534]",0.8179999999999988
2774,2022-02-24 19:34:19,2022-02-25 01:46:05,2.85,2.75,2.35,2.73,1.2127659574468086,1.0073260073260073,-0.10000000000000009,-0.3750000000000001,23,2022-02-24 13:18:13,1.154947573292007,-0.05781838415480167,0,18,2022-02-24 13:26:29,headgear_pompadour black,2.85,2.99,2.99,-0.05781838415480167,0.30721078822876213,-0.18820427657555977,-3.5124000000000004,36,"(-0.64, 0.0369]",-1.9094000000000002
2357,2022-02-24 19:38:27,2022-02-25 12:52:11,2.99,3.26,2.35,3.22,1.2723404255319148,1.012422360248447,0.2699999999999996,-0.05600000000000044,23,2022-02-24 13:18:13,1.1821951495333183,-0.09014527599859656,0,18,2022-02-24 13:26:29,background_summer,2.7,2.9,2.99,-0.09014527599859656,0.2121166426606703,-0.4249797416547122,-0.8624000000000005,36,"(-0.64, 0.0369]",-1.9654000000000007
3315,2022-02-24 19:32:28,2022-02-25 12:22:57,2.65,3.27,2.35,3.28,1.127659574468085,0.9969512195121952,0.6200000000000001,0.2930000000000001,23,2022-02-24 13:18:13,1.0946192102844157,-0.0330403641836694,0,18,2022-02-24 13:26:29,headgear_trippy captain hat,2.4330000000000003,2.65,2.995,-0.0330403641836694,0.2343002483911933,-0.14101719656952486,-3.1894,36,"(-0.64, 0.0369]",-1.6724000000000006
5163,2022-02-23 23:19:46,2022-02-24 18:17:43,2.2159999999999997,2.445,2.65,2.35,0.8362264150943396,1.0404255319148936,0.2290000000000001,-0.015499999999999903,21,2022-02-23 22:05:43,1.0718731128517232,0.23564669775738356,0,16,2022-02-23 22:14:22,background_ocean,2.2159999999999997,3.99,4.269,0.23564669775738356,0.04856987240805129,4.851705101830185,-125.2955,37,"(0.953, 10.534]",0.8024999999999989
3724,2022-03-15 08:48:25,2022-03-16 08:18:27,2.6,2.87,2.88,2.69,0.9027777777777778,1.066914498141264,0.27,-0.017000000000000015,48,2022-03-14 09:37:07,1.392724402790606,0.48994662501282826,0,43,2022-03-14 09:45:33,headgear_hair black & white,2.6,5.0,5.5,0.48994662501282826,0.06199382338865198,7.903152253430998,-122.6555,18,"(0.953, 10.534]",0.7854999999999989
4963,2022-02-22 16:51:09,2022-02-22 20:10:30,4.2,5.5,2.89,2.79,1.453287197231834,1.971326164874552,1.2999999999999998,0.7499999999999998,17,2022-02-22 09:05:28,2.472788246878874,1.0195010496470402,0,12,2022-02-22 09:13:54,mouth_gold teeth,4.2,6.3,6.69,1.0195010496470402,0.14886903909245552,6.848308122778144,-122.63850000000001,38,"(0.953, 10.534]",1.5354999999999985
2703,2022-03-09 23:06:35,2022-03-11 13:55:13,2.5,2.95,2.25,2.3,1.1111111111111112,1.282608695652174,0.4500000000000002,0.15500000000000014,41,2022-03-09 08:22:25,1.2083305238378312,0.09721941272672008,1,36,2022-03-08 11:18:49,headgear_goggle orange,2.5,4.5,4.75,0.09721941272672008,0.11287647754519206,0.8612902780191435,-118.30640000000002,23,"(0.349, 0.953]",-0.5769000000000001
4181,2022-02-25 22:20:25,2022-02-27 06:45:39,3.0,3.4,2.899,3.34,1.0348395998620215,1.0179640718562875,0.3999999999999999,0.05999999999999989,26,2022-02-25 15:52:49,1.0913162823241032,0.056476682462081707,1,21,2022-02-25 16:01:12,background_aurora,3.0,3.5,3.5,0.056476682462081707,0.20503917385760084,0.2754433769875829,-89.32940000000004,35,"(0.164, 0.349]",-1.6059999999999997
2538,2022-02-19 13:43:35,2022-02-21 11:16:18,3.5,3.5,3.48,3.47,1.0057471264367817,1.0086455331412103,0.0,-0.35000000000000003,11,2022-02-19 09:23:41,1.0293642201555995,0.023617093718817816,1,6,2022-02-19 09:31:57,headgear_sushi chef headband,2.85,3.29,3.3,0.023617093718817816,0.9475065808660469,0.024925519458905657,-30.11350000000001,42,"(-0.64, 0.0369]",-2.0224000000000006
2892,2022-03-27 20:56:44,2022-03-28 23:54:31,2.29,2.83,2.29,2.19,1.0,1.2922374429223744,0.54,0.257,60,2022-03-26 13:42:59,1.5329444347705956,0.5329444347705956,1,55,2022-03-26 14:06:58,headgear_cowboy hat,2.29,3.4,3.9,0.5329444347705956,0.12464752767350527,4.275611756749482,-125.28,5,"(0.953, 10.534]",1.7924999999999986
4553,2022-02-17 21:05:56,2022-02-19 19:22:22,2.79,3.55,2.7,3.675,1.0333333333333332,0.9659863945578231,0.7599999999999998,0.4049999999999998,8,2022-02-17 20:12:21,1.040173896926316,0.006840563592982685,1,3,2022-02-17 20:21:14,headgear_cat ears,2.79,2.8,3.6,0.006840563592982685,0.569668514764899,0.012007972032306842,-26.389500000000005,43,"(-0.64, 0.0369]",-1.6174000000000008
5420,2022-03-21 15:12:38,2022-03-23 04:09:00,2.85,3.29,2.74,2.5,1.0401459854014599,1.316,0.43999999999999995,0.11099999999999993,55,2022-03-21 10:58:10,1.4320139299923356,0.3918679445908757,1,50,2022-03-21 11:36:15,headgear_mask,2.85,2.94,3.0,0.3918679445908757,0.3571634707728644,1.0971669183942983,-124.13540000000002,12,"(0.953, 10.534]",1.9034999999999986
2471,2022-02-23 14:30:33,2022-02-24 19:32:28,2.114,2.699,2.69,2.35,0.7858736059479554,1.1485106382978723,0.585,0.3151,20,2022-02-23 09:16:58,1.0810705843859032,0.2951969784379478,1,15,2022-02-23 09:26:03,headgear_hypebeast black,2.114,2.65,2.74,0.2951969784379478,0.07552678150092704,3.908507321132497,-125.537,38,"(0.953, 10.534]",2.2185999999999986
5249,2022-02-26 23:05:26,2022-02-28 20:04:27,3.85,2.76,3.49,2.76,1.1031518624641834,1.0,-1.0900000000000003,-1.3660000000000003,28,2022-02-26 20:55:40,1.2212993139443948,0.11814745148021144,1,23,2022-02-26 21:03:38,headgear_goggle orange,3.4989999999999997,3.5,3.59,0.11814745148021144,0.25648710885750875,0.4606369965589506,-110.89360000000003,34,"(0.349, 0.953]",-1.9429000000000003
2113,2022-03-08 14:29:51,2022-03-09 21:57:00,2.174,2.23,2.174,2.199,1.0,1.0140973169622556,0.05600000000000005,-0.16699999999999995,39,2022-03-08 11:09:19,1.1195403113260678,0.1195403113260678,1,36,2022-03-08 11:18:49,headgear_cowboy hat,2.174,5.0,5.0,0.1195403113260678,0.10478762936970049,1.1407864844839506,-124.30240000000002,25,"(0.953, 10.534]",2.0515999999999988
3816,2022-03-03 21:23:29,2022-03-05 20:55:39,2.301,2.99,2.09,2.4,1.1009569377990431,1.2458333333333336,0.6890000000000001,0.39,34,2022-03-03 10:41:36,1.26120761839389,0.16025068059484693,1,31,2022-03-03 10:51:21,headgear_cowboy hat,2.301,4.6,4.6,0.16025068059484693,0.11182294300989962,1.4330751479207628,-124.3079,29,"(0.953, 10.534]",2.441599999999999
920,2022-02-22 16:36:29,2022-02-24 11:09:36,2.93,2.1,2.89,2.28,1.013840830449827,0.9210526315789475,-0.8300000000000001,-1.04,17,2022-02-22 09:05:28,1.032227875516746,0.018387045066919017,1,12,2022-02-22 09:13:54,headgear_cat ears,2.479,2.93,2.99,0.018387045066919017,0.40698265028344843,0.04517894080770548,-36.96010000000001,38,"(0.0369, 0.164]",-1.5889999999999995
2724,2022-02-26 23:11:27,2022-02-28 10:26:57,3.69,2.8,3.6,2.8,1.025,1.0,-0.8900000000000001,-1.1700000000000002,28,2022-02-26 20:55:40,1.0698974592240151,0.044897459224015224,1,23,2022-02-26 21:03:38,headgear_bucket hat,3.3,3.69,3.9,0.044897459224015224,0.3103346507657432,0.14467433499041063,-71.1725,34,"(0.0369, 0.164]",-2.7589999999999995
1356,2022-02-20 00:30:21,2022-02-21 23:41:27,3.55,3.09,3.59,3.099,0.9888579387186629,0.9970958373668924,-0.45999999999999996,-0.7689999999999999,13,2022-02-19 21:49:21,1.0279218059754203,0.03906386725675737,1,8,2022-02-19 21:57:15,headgear_ponytail red,2.85,3.0,3.55,0.03906386725675737,0.26367131542121214,0.14815364801572461,-71.9415,41,"(0.0369, 0.164]",-3.5279999999999996
1084,2022-02-18 09:47:07,2022-02-19 14:45:33,3.1,4.5,2.98,3.79,1.0402684563758389,1.187335092348285,1.4,0.95,9,2022-02-18 08:33:49,1.1766200343687168,0.1363515779928779,1,4,2022-02-18 08:42:21,outfit_astro,3.1,3.5,3.6,0.1363515779928779,0.22912758176261072,0.5950901979760164,-116.00960000000003,43,"(0.349, 0.953]",-0.9929000000000003
3009,2022-02-20 11:30:01,2022-02-21 12:20:55,3.55,3.46,3.5,3.44,1.0142857142857142,1.005813953488372,-0.08999999999999986,-0.4359999999999999,14,2022-02-20 08:34:51,1.0749234535037535,0.06063773921803928,1,9,2022-02-20 08:43:05,background_candycane,2.45,2.8,2.8,0.06063773921803928,0.35728734563072,0.16971700777981757,-76.4616,41,"(0.164, 0.349]",-2.0419999999999994
2417,2022-03-03 18:01:27,2022-03-05 14:47:13,2.0,2.71,2.0999,2.4,0.9524263060145722,1.1291666666666667,0.71,0.43899999999999995,34,2022-03-03 10:41:36,1.1815290176515896,0.22910271163701734,1,31,2022-03-03 10:51:21,outfit_haori,2.0,4.47,7.49,0.22910271163701734,0.08074725440740957,2.8372817542635147,-126.09609999999999,29,"(0.953, 10.534]",2.880599999999999
2002,2022-02-19 09:26:27,2022-02-21 00:31:01,3.15,3.497,3.15,3.49,1.0,1.0020057306590258,0.347,-0.0027000000000000357,11,2022-02-19 09:23:41,1.0641372531559206,0.06413725315592056,1,5,2022-02-18 16:13:42,headgear_horns,2.38,2.4,2.6,0.06413725315592056,0.9496959819454017,0.06753451038566974,-43.1126,42,"(0.0369, 0.164]",-3.5306999999999995
4521,2022-02-24 17:30:24,2022-02-25 20:20:32,2.35,3.25,2.35,2.9,1.0,1.120689655172414,0.8999999999999999,0.575,23,2022-02-24 13:18:13,1.13648478075776,0.13648478075776005,1,18,2022-02-24 13:26:29,outfit_puff jacket yellow,2.35,3.0,3.49,0.13648478075776005,0.16375592630141353,0.8334646802738761,-118.46140000000003,36,"(0.349, 0.953]",-0.4179000000000004
4571,2022-02-24 19:33:20,2022-02-26 02:16:02,2.85,3.35,2.35,2.99,1.2127659574468086,1.120401337792642,0.5,0.16499999999999998,23,2022-02-24 13:18:13,1.1231734567950689,-0.08959250065173974,1,18,2022-02-24 13:26:29,background_ocean,2.85,2.98,3.0,-0.08959250065173974,0.31456068621526456,-0.28481785734161497,-0.8874000000000004,36,"(-0.64, 0.0369]",-1.4524000000000008
2729,2022-02-24 06:57:19,2022-02-26 21:32:41,2.3,3.29,2.3,3.29,1.0,1.0,0.9900000000000002,0.6610000000000003,21,2022-02-23 22:05:43,1.0472396183679906,0.04723961836799062,2,16,2022-02-23 22:14:22,background_summer,2.3,3.95,4.25,0.04723961836799062,0.1082190652567014,0.43651844761304975,-108.55870000000003,37,"(0.349, 0.953]",0.24309999999999987
1122,2022-02-23 23:12:42,2022-02-26 11:29:49,2.215,3.49,2.65,3.43,0.8358490566037735,1.0174927113702623,1.2750000000000004,0.9260000000000004,21,2022-02-23 22:05:43,1.1499459752399692,0.3140969186361957,2,16,2022-02-23 22:14:22,background_sunset,2.215,4.2,4.22,0.3140969186361957,0.046790254744926256,6.712870454509656,-123.38850000000001,37,"(0.953, 10.534]",3.8065999999999995
2490,2022-03-30 22:46:41,2022-04-02 11:10:05,2.01,2.45,1.96,2.14,1.0255102040816326,1.144859813084112,0.4400000000000004,0.19500000000000037,63,2022-03-30 11:00:39,1.303488725155677,0.2779785210740444,2,58,2022-03-30 21:12:38,background_sunrise,2.01,3.75,4.199,0.2779785210740444,0.10407284581450708,2.67099951864001,-126.53509999999999,2,"(0.953, 10.534]",4.0016
4464,2022-02-19 13:44:07,2022-02-21 20:18:00,3.59,3.15,3.48,3.0,1.0316091954022988,1.05,-0.43999999999999995,-0.7549999999999999,11,2022-02-19 09:23:41,1.1268595116243252,0.0952503162220264,2,6,2022-02-19 09:31:57,background_fiery,3.55,3.59,3.694,0.0952503162220264,0.3732435137396856,0.2551961727818735,-83.24440000000001,42,"(0.164, 0.349]",-2.7969999999999993
1819,2022-03-18 09:54:59,2022-03-20 11:47:39,2.77,2.85,2.77,2.718235,1.0,1.0484744696466641,0.08000000000000007,-0.20499999999999996,52,2022-03-18 09:32:25,1.057709690742919,0.057709690742919095,2,47,2022-03-18 09:40:44,headgear_horns,2.77,2.8,2.989,0.057709690742919095,0.46386518841314456,0.12441047999385456,-65.8125,15,"(0.0369, 0.164]",-3.7356999999999996
32,2022-02-24 00:45:38,2022-02-26 10:35:07,2.86,3.5,2.5,3.25,1.144,1.0769230769230769,0.6400000000000001,0.2900000000000001,21,2022-02-23 22:05:43,1.0533855682478346,-0.09061443175216533,2,16,2022-02-23 22:14:22,outfit_pirate,2.86,3.5989999999999998,3.69,-0.09061443175216533,0.17412866919499603,-0.5203877808925983,-0.6383999999999999,37,"(-0.64, 0.0369]",-1.1624000000000008
2832,2022-02-19 13:49:39,2022-02-22 05:21:49,3.5,2.9,3.48,3.099,1.0057471264367817,0.935785737334624,-0.6000000000000001,-0.8900000000000001,11,2022-02-19 09:23:41,1.056347093697529,0.050599967260747336,2,6,2022-02-19 09:31:57,headgear_cat ears,2.9,2.98,3.49,0.050599967260747336,0.394654765500354,0.12821324277332702,-68.06150000000001,42,"(0.0369, 0.164]",-4.6257
4512,2022-02-19 13:00:05,2022-02-22 09:56:46,3.5,3.18,3.3,2.97,1.0606060606060606,1.0707070707070707,-0.31999999999999984,-0.6379999999999999,11,2022-02-19 09:23:41,1.1348192976881988,0.07421323708213823,2,6,2022-02-19 09:31:57,background_fiery,3.5,3.55,3.694,0.07421323708213823,0.432915797539016,0.1714264933366167,-76.83040000000001,42,"(0.164, 0.349]",-3.434999999999999
1541,2022-02-17 05:03:53,2022-02-19 09:43:08,2.69,3.2880000000000003,2.89,3.199,0.930795847750865,1.0278211941231636,0.5980000000000003,0.2692000000000003,6,2022-02-16 23:08:12,1.049712884106293,0.11891703635542805,2,1,2022-02-16 23:18:32,headgear_fire mohawk,2.69,2.799,2.969,0.11891703635542805,0.6986424279754709,0.17021158692011643,-76.1924,44,"(0.164, 0.349]",-3.165799999999999
427,2022-02-17 10:39:43,2022-02-19 14:02:56,2.9,3.78,2.89,3.6,1.0034602076124566,1.0499999999999998,0.8799999999999999,0.5019999999999999,7,2022-02-17 08:22:24,1.0354353986605993,0.031975191048142726,2,2,2022-02-17 08:30:50,outfit_sporty,2.9,3.488,3.5,0.031975191048142726,0.19088817780478112,0.16750744554145905,-76.02560000000001,44,"(0.164, 0.349]",-2.6637999999999993
722,2022-02-26 23:08:26,2022-03-01 09:05:14,3.6,2.6,3.49,2.495,1.0315186246418337,1.0420841683366733,-1.0,-1.26,28,2022-02-26 20:55:40,1.1111907139684432,0.07967208932660941,2,23,2022-02-26 21:03:38,outfit_puff jacket red,3.0,3.2,3.3,0.07967208932660941,0.291344496111072,0.2734635127489598,-89.38940000000004,34,"(0.164, 0.349]",-3.923799999999999
4074,2022-02-27 22:46:47,2022-03-02 01:31:40,3.3,2.88,2.975,2.55,1.1092436974789914,1.1294117647058823,-0.41999999999999993,-0.708,30,2022-02-27 21:20:42,1.2155981861821585,0.1063544887031671,2,27,2022-02-27 21:29:32,mouth_summer drink,3.1,3.3,3.34,0.1063544887031671,0.4515166865471297,0.23554940907386762,-81.73140000000001,33,"(0.164, 0.349]",-4.631799999999999
144,2022-02-18 10:26:48,2022-02-21 04:49:26,2.97,3.78,2.96,3.49,1.0033783783783785,1.0830945558739253,0.8099999999999996,0.4319999999999996,9,2022-02-18 08:33:49,1.048609117232898,0.04523073885451945,2,4,2022-02-18 08:42:21,outfit_puff jacket black,2.97,3.2,3.25,0.04523073885451945,0.27508475798916193,0.164424736525393,-76.6177,43,"(0.164, 0.349]",-4.1998
1397,2022-03-22 06:50:20,2022-03-24 08:46:38,2.8,3.19,2.55,2.6,1.0980392156862746,1.2269230769230768,0.3900000000000001,0.07100000000000012,55,2022-03-21 10:58:10,1.5371570490418907,0.43911783335561605,2,50,2022-03-21 11:36:15,companion_fukuro,2.8,3.25,3.5,0.43911783335561605,0.20780675028066967,2.1131066857189724,-126.2661,11,"(0.953, 10.534]",4.0725999999999996
3146,2022-02-20 10:25:47,2022-02-22 22:30:39,3.3,2.75,3.24,2.79,1.0185185185185184,0.985663082437276,-0.5499999999999998,-0.8249999999999998,14,2022-02-20 08:34:51,1.0188330742234861,0.000314555704967745,2,9,2022-02-20 08:43:05,headgear_halo,2.1,2.1390000000000002,2.19,0.000314555704967745,0.9557020205403942,0.0003291357538303434,-25.605000000000004,41,"(-0.64, 0.0369]",-1.9874000000000005
774,2022-02-24 16:10:40,2022-02-26 22:23:48,2.39,3.75,2.38,3.4188,1.0042016806722691,1.0968760968760969,1.3599999999999999,0.9849999999999999,23,2022-02-24 13:18:13,1.2007103669634283,0.19650868629115914,2,18,2022-02-24 13:26:29,outfit_astro,2.39,3.0,3.2,0.19650868629115914,0.17310936137570385,1.1351707656333565,-124.13540000000002,36,"(0.953, 10.534]",5.057599999999999
2660,2022-02-24 02:25:26,2022-02-26 05:09:11,2.15,3.33,2.19,2.99,0.9817351598173516,1.1137123745819397,1.1800000000000002,0.8470000000000002,21,2022-02-23 22:05:43,1.0843366912135024,0.1026015313961508,2,16,2022-02-23 22:14:22,headgear_beanie,2.15,3.5989999999999998,3.7,0.1026015313961508,0.10485112390126847,0.9785448889681339,-121.5464,37,"(0.953, 10.534]",5.904599999999999
2808,2022-02-25 10:15:56,2022-02-27 21:12:13,3.0,3.25,2.94,2.85,1.0204081632653061,1.1403508771929824,0.25,-0.07500000000000001,25,2022-02-25 09:37:59,1.0938294422422525,0.07342127897694639,2,20,2022-02-25 09:46:14,outfit_turtleneck,3.0,3.99,4.0,0.07342127897694639,0.15013347982416206,0.48904001334637803,-113.84060000000002,36,"(0.349, 0.953]",0.16809999999999986
4958,2022-02-24 19:44:30,2022-02-27 00:52:49,2.75,3.39,2.35,3.3,1.1702127659574468,1.0272727272727273,0.6400000000000001,0.3010000000000001,23,2022-02-24 13:18:13,1.1755189185317674,0.005306152574320544,2,18,2022-02-24 13:26:29,outfit_techwear blue,2.75,2.9,3.29,0.005306152574320544,0.29952408385390766,0.017715278538031055,-29.073500000000006,36,"(-0.64, 0.0369]",-1.6864000000000003
4654,2022-03-26 10:10:10,2022-03-28 20:26:43,2.44,2.15,2.41,2.14,1.012448132780083,1.0046728971962615,-0.29000000000000004,-0.505,59,2022-03-25 13:49:12,1.1255349397780705,0.11308680699798757,2,54,2022-03-25 14:15:33,mouth_flower,2.44,3.9,4.2,0.11308680699798757,0.11787981903217254,0.9593398422771854,-121.9534,7,"(0.953, 10.534]",5.3995999999999995
3084,2022-03-06 00:33:13,2022-03-08 12:57:30,3.5,3.88,2.8,2.178,1.25,1.7814508723599634,0.3799999999999999,-0.008000000000000118,36,2022-03-05 15:31:23,1.5365535643499313,0.2865535643499313,2,33,2022-03-05 15:40:30,headgear_bucket hat,2.71,2.9989999999999997,3.33,0.2865535643499313,0.32363607993444793,0.8854190929761983,-121.64340000000001,27,"(0.349, 0.953]",0.16009999999999974
3455,2022-02-26 23:04:37,2022-03-01 16:58:28,3.5,2.5,3.42,2.62,1.023391812865497,0.9541984732824427,-1.0,-1.25,28,2022-02-26 20:55:40,1.0582221287067213,0.0348303158412242,2,23,2022-02-26 21:03:38,headgear_spinner hat,3.0,3.0,3.2,0.0348303158412242,0.9555929411473186,0.036448904487935724,-34.35710000000001,34,"(-0.64, 0.0369]",-2.9364000000000003
1691,2022-03-30 23:06:17,2022-04-02 13:12:23,2.01,2.388,1.95,2.2,1.0307692307692307,1.0854545454545452,0.3780000000000001,0.1392000000000001,63,2022-03-30 11:00:39,1.2931591194532284,0.2623898886839977,2,58,2022-03-30 21:12:38,background_sweet pea,2.01,3.0,3.33,0.2623898886839977,0.1252777887333539,2.0944645602140897,-126.8021,2,"(0.953, 10.534]",5.538799999999999
4437,2022-02-23 02:37:28,2022-02-25 12:50:23,2.79,3.35,2.75,3.22,1.0145454545454546,1.0403726708074534,0.56,0.22500000000000003,19,2022-02-22 22:32:36,1.129816190554726,0.11527073600927129,2,14,2022-02-22 22:41:00,headgear_beanie,2.79,3.2,3.2,0.11527073600927129,0.2189297554086447,0.5265192746144167,-116.07060000000004,38,"(0.349, 0.953]",0.3850999999999998
1694,2022-03-15 13:52:09,2022-03-18 01:43:25,3.0,3.45,2.8,2.65,1.0714285714285714,1.3018867924528303,0.4500000000000002,0.10500000000000015,49,2022-03-15 09:48:06,1.5003349183398564,0.42890634691128504,2,44,2022-03-15 09:56:26,eyes_love,3.0,3.75,3.85,0.42890634691128504,0.17017945030350956,2.5203180886196566,-126.81309999999999,18,"(0.953, 10.534]",5.6438
4186,2022-02-24 00:24:38,2022-02-27 00:48:31,2.5,3.589,2.28,3.2,1.0964912280701755,1.1215625,1.089,0.7301,21,2022-02-23 22:05:43,1.1167946613144306,0.020303433244255098,3,16,2022-02-23 22:14:22,outfit_astro,2.5,4.04,4.2,0.020303433244255098,0.12211175667094115,0.16626927494759963,-75.8876,37,"(0.164, 0.349]",-3.4696999999999996
1093,2022-03-29 21:17:17,2022-04-02 04:37:56,2.4,2.89,2.1390000000000002,2.089,1.1220196353436183,1.3834370512206797,0.4900000000000002,0.20100000000000018,62,2022-03-29 20:03:28,1.5410217747815522,0.41900213943793396,3,57,2022-03-29 20:38:40,companion_neko,2.4,4.8,5.15,0.41900213943793396,0.11710797998949893,3.5779127901916326,-125.85210000000001,3,"(0.953, 10.534]",5.8448
5430,2022-03-02 11:22:52,2022-03-05 14:05:58,2.022,2.35,2.3,2.35,0.8791304347826087,1.0,0.3280000000000003,0.09300000000000028,33,2022-03-02 10:41:16,1.1219739183109274,0.24284348352831875,3,30,2022-03-02 10:51:14,headgear_ponytail blue,2.022,2.69,3.0,0.24284348352831875,0.09283786298013337,2.61578062799965,-126.7301,31,"(0.953, 10.534]",5.9378
2672,2022-02-19 18:14:20,2022-02-23 02:55:18,3.8,2.75,3.673,2.75,1.0345766403484888,1.0,-1.0499999999999998,-1.3249999999999997,12,2022-02-19 15:54:14,1.0501067059816422,0.0155300656331534,3,7,2022-02-19 16:02:11,headgear_trippy captain hat,2.5,2.69,2.995,0.0155300656331534,0.9552961936244349,0.01625680677553175,-27.714500000000005,41,"(-0.64, 0.0369]",-4.2614
5325,2022-02-25 11:56:50,2022-02-28 18:14:43,3.2,2.96,2.969,2.83,1.0778039744021557,1.0459363957597172,-0.2400000000000002,-0.5360000000000003,25,2022-02-25 09:37:59,1.112157783380948,0.034353808978792255,3,20,2022-02-25 09:46:14,headgear_goggle black,3.2,3.55,3.6,0.034353808978792255,0.2399348991772945,0.14317970873177263,-70.0025,36,"(0.0369, 0.164]",-5.161700000000001
2823,2022-03-28 16:47:59,2022-04-01 12:33:56,2.0,2.25,2.19,2.1,0.9132420091324202,1.0714285714285714,0.25,0.024999999999999994,61,2022-03-28 11:57:11,1.0594848055896255,0.1462427964572054,3,55,2022-03-26 14:06:58,headgear_none,2.0,2.8,2.9,0.1462427964572054,0.6501386202442396,0.2249409462896788,-78.9624,4,"(0.164, 0.349]",-3.4446999999999997
5316,2022-02-26 23:08:01,2022-03-02 03:00:38,3.88,2.5989999999999998,3.49,2.55,1.1117478510028653,1.0192156862745099,-1.2810000000000001,-1.5409000000000002,28,2022-02-26 20:55:40,1.1046908162232043,-0.00705703477966102,3,23,2022-02-26 21:03:38,headgear_trippy captain hat,3.2,3.48,3.5,-0.00705703477966102,0.46613343825336934,-0.015139516285517218,-21.810100000000006,34,"(-0.64, 0.0369]",-5.802300000000001
4722,2022-02-23 23:38:27,2022-02-27 07:31:23,2.222,3.33,2.3,3.33,0.9660869565217391,1.0,1.108,0.7750000000000001,21,2022-02-23 22:05:43,1.0205734125079169,0.05448645598617774,3,16,2022-02-23 22:14:22,headgear_beanie,2.222,3.5989999999999998,3.7,0.05448645598617774,0.10072663693055534,0.5409339341265084,-116.95960000000004,37,"(0.349, 0.953]",1.1601
3362,2022-02-24 19:40:21,2022-02-28 12:36:36,3.75,3.75,2.35,2.74,1.5957446808510638,1.3686131386861313,0.0,-0.375,23,2022-02-24 13:18:13,1.630322078131536,0.034577397280472155,3,18,2022-02-24 13:26:29,outfit_techwear black,3.5,3.75,3.99,0.034577397280472155,0.28743880631210117,0.1202948123954008,-60.822500000000005,36,"(0.0369, 0.164]",-5.536700000000001
5152,2022-02-24 19:33:57,2022-02-27 21:31:18,2.85,2.98,2.35,2.9,1.2127659574468086,1.0275862068965518,0.1299999999999999,-0.1680000000000001,23,2022-02-24 13:18:13,1.0779618604156525,-0.13480409703115614,3,18,2022-02-24 13:26:29,headgear_cat ears,2.85,3.0,3.89,-0.13480409703115614,0.3013944808573991,-0.4472679680386614,-0.8064,36,"(-0.64, 0.0369]",-5.970300000000001
4858,2022-02-19 15:19:11,2022-02-23 15:10:28,4.407,2.7,3.86,2.69,1.1417098445595855,1.0037174721189592,-1.7069999999999999,-1.9769999999999999,11,2022-02-19 09:23:41,1.1108718695919346,-0.03083797496765084,3,6,2022-02-19 09:31:57,headgear_goggle black,3.3,3.3,3.44,-0.03083797496765084,0.9563458426773446,-0.032245630807907495,-13.852300000000001,42,"(-0.64, 0.0369]",-7.9473
4486,2022-02-26 23:15:05,2022-03-02 22:01:44,3.75,2.2,3.6,2.2,1.0416666666666667,1.0,-1.5499999999999998,-1.7699999999999998,28,2022-02-26 20:55:40,1.065376687758724,0.023710021092057332,3,23,2022-02-26 21:03:38,headgear_bucket hat,3.3,3.75,3.9,0.023710021092057332,0.34191584031478733,0.06934461144072333,-44.882600000000004,34,"(0.0369, 0.164]",-7.3067
1534,2022-02-24 19:33:57,2022-02-27 22:21:20,2.8,2.9,2.35,2.9,1.1914893617021276,1.0,0.10000000000000009,-0.1899999999999999,23,2022-02-24 13:18:13,1.0808670831166578,-0.1106222785854698,3,18,2022-02-24 13:26:29,headgear_pirate hat,2.6,2.77,2.8,-0.1106222785854698,0.29703425666130384,-0.3724226283825839,-1.0524000000000004,36,"(-0.64, 0.0369]",-8.1373
4551,2022-02-17 18:33:39,2022-02-21 16:39:47,2.79,3.25,2.79,3.269,1.0,0.9941878250229428,0.45999999999999996,0.13499999999999995,7,2022-02-17 08:22:24,1.0354919633075998,0.03549196330759985,3,2,2022-02-17 08:30:50,outfit_disco,2.79,3.08,3.1,0.03549196330759985,0.24922712966824728,0.1424081052285284,-69.4665,43,"(0.0369, 0.164]",-7.1717
5391,2022-02-26 11:16:21,2022-03-01 12:32:51,3.333,2.5,3.3,2.5,1.01,1.0,-0.8330000000000002,-1.0830000000000002,27,2022-02-26 09:19:31,1.0791767711310072,0.06917677113100718,3,22,2022-02-26 09:27:57,outfit_vest,2.49,2.8,2.8,0.06917677113100718,0.9499815394065529,0.07281906885708689,-45.9656,35,"(0.0369, 0.164]",-8.2547
4491,2022-02-24 19:36:21,2022-02-28 14:55:11,2.78,2.79,2.35,2.79,1.1829787234042553,1.0,0.010000000000000231,-0.2689999999999998,23,2022-02-24 13:18:13,1.0901000869206976,-0.09287863648355765,3,18,2022-02-24 13:26:29,headgear_fire mohawk,2.22,2.4,2.4,-0.09287863648355765,0.957928646091984,-0.0969577816285902,-5.719800000000001,36,"(-0.64, 0.0369]",-8.4063
4584,2022-02-20 11:27:44,2022-02-24 01:25:33,3.5,2.15,3.5,2.25,1.0,0.9555555555555555,-1.35,-1.5650000000000002,14,2022-02-20 08:34:51,1.085442381593334,0.08544238159333406,3,9,2022-02-20 08:43:05,headgear_halo,2.1,2.1390000000000002,2.19,0.08544238159333406,0.9555064376231803,0.08942104231748742,-54.9646,41,"(0.0369, 0.164]",-9.8197
2151,2022-02-20 21:20:10,2022-02-24 00:00:43,4.5,2.5,3.77,2.19,1.193633952254642,1.1415525114155252,-2.0,-2.25,14,2022-02-20 08:34:51,1.131655010230451,-0.061978942024190964,3,9,2022-02-20 08:43:05,headgear_ponytail black,2.29,2.47,2.79,-0.061978942024190964,0.2329703492958259,-0.2660378980051666,-3.1374000000000004,40,"(-0.64, 0.0369]",-10.6563
5347,2022-02-23 09:31:09,2022-02-27 00:22:58,2.85,3.13,2.82,3.13,1.0106382978723405,1.0,0.2799999999999998,-0.033000000000000196,20,2022-02-23 09:16:58,1.0990125127955062,0.08837421492316566,3,15,2022-02-23 09:26:03,headgear_hypebeast black,2.65,2.74,2.85,0.08837421492316566,0.2712717092424732,0.325777484021282,-98.13050000000001,38,"(0.164, 0.349]",-3.4777
2600,2022-02-28 13:31:18,2022-03-04 09:38:49,2.333,2.55,2.7,2.2,0.8640740740740741,1.159090909090909,0.21699999999999964,-0.03800000000000037,31,2022-02-28 09:00:43,1.1227606188898598,0.2586865448157857,3,28,2022-02-28 09:09:14,headgear_goggle orange,2.333,2.86,3.25,0.2586865448157857,0.10625776945817908,2.434518869865789,-126.7431,33,"(0.953, 10.534]",5.8998
4196,2022-02-24 19:35:49,2022-02-27 22:18:32,2.95,4.9,2.35,2.9,1.2553191489361701,1.6896551724137934,1.9500000000000002,1.4600000000000002,23,2022-02-24 13:18:13,1.3195625871376488,0.06424343820147871,3,18,2022-02-24 13:26:29,background_floss,2.95,3.2,3.7,0.06424343820147871,0.2572728299304591,0.24970937746843974,-82.48940000000002,36,"(0.164, 0.349]",-2.0176999999999996
4045,2022-02-23 18:03:41,2022-02-27 20:21:49,2.52,2.8,2.52,2.84,1.0,0.9859154929577465,0.2799999999999998,-1.6653345369377348e-16,20,2022-02-23 09:16:58,1.0980030549803599,0.09800305498035988,4,15,2022-02-23 09:26:03,mouth_soda,2.38,2.5,2.52,0.09800305498035988,0.20133972316677473,0.4867546922133269,-113.76560000000002,37,"(0.349, 0.953]",1.1600999999999997
1223,2022-02-24 19:29:59,2022-03-01 17:30:22,2.5,2.65,2.35,2.62,1.0638297872340425,1.0114503816793892,0.1499999999999999,-0.1150000000000001,23,2022-02-24 13:18:13,1.1143767339595418,0.05054694672549931,4,18,2022-02-24 13:26:29,outfit_summer,2.33,2.5,2.75,0.05054694672549931,0.2590525682612572,0.19512235321489724,-77.7874,36,"(0.164, 0.349]",-2.1327
1148,2022-02-25 11:56:50,2022-03-01 17:32:58,3.2,2.62,2.969,2.62,1.0778039744021557,1.0,-0.5800000000000001,-0.8420000000000001,25,2022-02-25 09:37:59,1.133498433358472,0.055694458956316195,4,20,2022-02-25 09:46:14,headgear_goggle blue,3.2,3.55,3.6,0.055694458956316195,0.23992335095811795,0.23213438264305694,-80.23440000000001,36,"(0.164, 0.349]",-2.9747
3318,2022-03-01 12:13:54,2022-03-06 11:42:36,2.75,3.1,2.5,2.65,1.1,1.169811320754717,0.3500000000000001,0.040000000000000036,32,2022-03-01 10:10:31,1.2452379770816695,0.1452379770816694,4,29,2022-03-01 10:20:54,headgear_hair red,2.75,3.5,3.59,0.1452379770816694,0.1636846546436135,0.8873035618268091,-121.60340000000001,32,"(0.349, 0.953]",1.2000999999999997
2025,2022-03-08 16:36:57,2022-03-13 12:58:50,2.01,2.94,2.176,2.275,0.9237132352941175,1.2923076923076924,0.9300000000000002,0.6360000000000001,40,2022-03-08 16:23:03,1.320081705699477,0.3963684704053594,4,36,2022-03-08 11:18:49,headgear_king's crown,2.01,5.2,5.45,0.3963684704053594,0.07331676090939837,5.4062463410675505,-124.56450000000001,24,"(0.953, 10.534]",6.5358
5100,2022-03-24 17:54:33,2022-03-28 19:54:37,2.6,3.25,2.47,2.14,1.0526315789473684,1.5186915887850467,0.6499999999999999,0.3249999999999999,57,2022-03-23 09:12:09,1.6318433826091743,0.5792118036618059,4,52,2022-03-23 09:51:28,outfit_ghost,2.6,4.79,5.49,0.5792118036618059,0.10636127299570652,5.445702061926119,-124.2395,8,"(0.953, 10.534]",6.8608
2564,2022-03-20 16:41:03,2022-03-24 21:28:41,2.55,2.39,2.62,2.39,0.9732824427480915,1.0,-0.1599999999999997,-0.3989999999999997,53,2022-03-19 16:19:41,1.0526971250136519,0.07941468226556037,4,48,2022-03-19 16:28:35,headgear_bucket hat,2.55,3.0,3.3,0.07941468226556037,0.1810437837331787,0.4386490418395214,-109.75770000000003,12,"(0.349, 0.953]",0.8011
5466,2022-02-24 04:23:26,2022-02-28 23:19:49,2.25,2.7,2.3,2.69,0.9782608695652175,1.0037174721189592,0.4500000000000002,0.18000000000000016,21,2022-02-23 22:05:43,1.1044641507515356,0.12620328118631807,4,16,2022-02-23 22:14:22,headgear_goggle yellow,2.25,4.3,5.0,0.12620328118631807,0.09110242732520504,1.385289996015307,-124.6979,37,"(0.953, 10.534]",7.040800000000001
4111,2022-03-18 16:11:42,2022-03-22 18:17:40,2.75,2.7,2.69,2.58,1.0223048327137547,1.0465116279069768,-0.04999999999999982,-0.31999999999999984,52,2022-03-18 09:32:25,1.1824513602615063,0.1601465275477516,4,47,2022-03-18 09:40:44,outfit_astro,2.49,2.65,2.75,0.1601465275477516,0.3400937643330115,0.4708893380089735,-113.02560000000003,14,"(0.349, 0.953]",0.4811000000000002
2152,2022-02-22 02:15:23,2022-02-26 22:18:35,2.074,3.43,3.099,3.4188,0.669248144562762,1.0032760032760033,1.3560000000000003,1.0130000000000003,16,2022-02-21 10:35:26,1.0219225727188108,0.35267442815604877,4,11,2022-02-21 10:43:25,outfit_disco,2.074,3.1,3.33,0.35267442815604877,0.03347833808186942,10.534406674955102,-121.3225,39,"(0.953, 10.534]",8.0538
2611,2022-02-24 19:33:57,2022-03-01 13:12:26,2.85,2.68,2.35,2.64,1.2127659574468086,1.0151515151515151,-0.16999999999999993,-0.43799999999999994,23,2022-02-24 13:18:13,1.0808670831166578,-0.1318988743301508,4,18,2022-02-24 13:26:29,headgear_beanie,2.4,2.404,2.6,-0.1318988743301508,0.25032623908120777,-0.5269079055166956,-0.9283999999999999,36,"(-0.64, 0.0369]",-11.0943
3737,2022-02-19 14:02:31,2022-02-24 05:05:49,3.76,2.1,3.6,2.1790000000000003,1.0444444444444443,0.9637448370812298,-1.6599999999999997,-1.8699999999999997,11,2022-02-19 09:23:41,1.0364967221647867,-0.007947722279657565,4,6,2022-02-19 09:31:57,headgear_beanie,3.0,3.3,3.33,-0.007947722279657565,0.5171342816740314,-0.015368778596401978,-20.269200000000005,42,"(-0.64, 0.0369]",-12.9643
1323,2022-02-19 14:15:11,2022-02-23 18:39:01,3.875,2.6,3.6,2.55,1.0763888888888888,1.019607843137255,-1.275,-1.535,11,2022-02-19 09:23:41,1.1348655427436731,0.05847665385478429,4,6,2022-02-19 09:31:57,outfit_techwear blue,3.6,3.6,3.875,0.05847665385478429,0.4169278409043456,0.14025605420819187,-69.6015,42,"(0.0369, 0.164]",-11.3547
3790,2022-02-19 12:53:22,2022-02-23 18:52:34,4.69,3.99,3.3,2.75,1.4212121212121214,1.450909090909091,-0.7000000000000002,-1.0990000000000002,11,2022-02-19 09:23:41,1.5431266696912784,0.12191454847915706,4,6,2022-02-19 09:31:57,outfit_turtleneck,3.7889999999999997,3.8489999999999998,3.99,0.12191454847915706,0.9601048908166536,0.12698044728785624,-66.9115,42,"(0.0369, 0.164]",-12.4537
5084,2022-02-19 12:58:16,2022-02-24 14:47:10,4.5,4.0,3.3,2.4,1.3636363636363638,1.6666666666666667,-0.5,-0.9,11,2022-02-19 09:23:41,1.5428422598072788,0.1792058961709151,5,6,2022-02-19 09:31:57,headgear_bucket hat,3.5,3.5,3.6,0.1792058961709151,0.35530181129493943,0.5043765341859024,-114.75060000000003,42,"(0.349, 0.953]",-0.41889999999999983
5499,2022-02-24 00:16:36,2022-03-01 13:19:19,2.5,2.65,2.28,2.64,1.0964912280701755,1.0037878787878787,0.1499999999999999,-0.1150000000000001,21,2022-02-23 22:05:43,1.0336524144718904,-0.06283881359828514,5,16,2022-02-23 22:14:22,headgear_snapback,2.5,4.0,4.8,-0.06283881359828514,0.11810507065583352,-0.532058558107144,-0.4904,37,"(-0.64, 0.0369]",-13.0793
2453,2022-03-20 18:12:10,2022-03-26 04:08:58,2.6,3.0,2.6,2.44,1.0,1.2295081967213115,0.3999999999999999,0.09999999999999987,54,2022-03-20 17:07:47,1.491751583637183,0.4917515836371831,5,49,2022-03-20 17:40:11,companion_fukuro,2.6,3.385,3.55,0.4917515836371831,0.1593122299915137,3.0867158388491447,-126.0531,12,"(0.953, 10.534]",8.1538
4917,2022-03-22 00:26:27,2022-03-27 11:58:34,2.45,2.55,2.65,2.41,0.9245283018867926,1.0580912863070537,0.09999999999999964,-0.15500000000000036,55,2022-03-21 10:58:10,1.0169725475466806,0.09244424565988807,5,50,2022-03-21 11:36:15,headgear_spinner hat,2.19,2.22,2.25,0.09244424565988807,0.3282140693458268,0.2816583879056173,-90.49390000000004,11,"(0.164, 0.349]",-3.1297
220,2022-02-21 20:14:44,2022-02-26 23:07:40,3.05,3.7,3.0,3.49,1.0166666666666666,1.0601719197707735,0.6500000000000004,0.2800000000000003,16,2022-02-21 10:35:26,1.1110713357863293,0.09440466911966272,5,11,2022-02-21 10:43:25,background_dusk,3.05,3.19,4.0,0.09440466911966272,0.32399281599564345,0.29137889625593466,-89.46680000000002,39,"(0.164, 0.349]",-2.8497
3107,2022-02-22 17:18:03,2022-02-28 16:40:05,2.7,2.799,2.75,2.799,0.9818181818181819,1.0,0.09899999999999975,-0.18090000000000023,17,2022-02-22 09:05:28,1.0520530255521925,0.07023484373401057,5,12,2022-02-22 09:13:54,outfit_summer,2.7,3.0,3.4,0.07023484373401057,0.22650786853502308,0.3100768383379614,-92.2947,38,"(0.164, 0.349]",-3.0306
2296,2022-02-25 10:21:41,2022-03-03 03:52:00,3.0,2.2,2.94,2.15,1.0204081632653061,1.0232558139534884,-0.7999999999999998,-1.0199999999999998,25,2022-02-25 09:37:59,1.0418963190727546,0.02148815580744845,5,20,2022-02-25 09:46:14,headgear_ww2 pilot helmet,3.0,3.5,3.6,0.02148815580744845,0.20666664540329568,0.10397495815309625,-59.31660000000001,36,"(0.0369, 0.164]",-13.4737
5365,2022-02-26 23:29:25,2022-03-04 10:52:07,3.99,2.2,3.7,2.2,1.0783783783783785,1.0,-1.79,-2.0100000000000002,28,2022-02-26 20:55:40,1.156416665737093,0.07803828735871443,5,24,2022-02-26 23:25:16,background_aurora,2.427,3.2,3.49,0.07803828735871443,0.6275920725440868,0.12434555943698992,-65.6075,34,"(0.0369, 0.164]",-15.483699999999999
2837,2022-03-13 18:26:44,2022-03-19 12:08:36,2.8,2.6,2.7,2.45,1.037037037037037,1.0612244897959184,-0.19999999999999973,-0.45999999999999974,46,2022-03-13 15:03:01,1.0912610157223777,0.05422397868534068,5,41,2022-03-13 15:10:58,headgear_bucket hat,2.61,2.76,2.8,0.05422397868534068,0.22225998219130122,0.243966449338908,-83.5404,19,"(0.164, 0.349]",-3.4905999999999997
1585,2022-02-18 10:30:21,2022-02-23 16:56:11,2.99,2.5,2.96,2.55,1.0101351351351353,0.9803921568627452,-0.4900000000000002,-0.7400000000000002,9,2022-02-18 08:33:49,1.148214250245687,0.1380791151105516,5,4,2022-02-18 08:42:21,outfit_puff jacket red,2.99,3.2,3.25,0.1380791151105516,0.2837595759436899,0.48660601021603034,-113.76560000000002,43,"(0.349, 0.953]",-1.1589
3975,2022-02-21 19:29:33,2022-02-27 01:04:47,3.0,3.4,2.99,3.4,1.0033444816053512,1.0,0.3999999999999999,0.05999999999999989,16,2022-02-21 10:35:26,1.120671262383592,0.11732678077824077,5,11,2022-02-21 10:43:25,headgear_pirate hat,2.77,2.969,3.0,0.11732678077824077,0.2353266570003638,0.4985698699576538,-113.85060000000003,39,"(0.349, 0.953]",-1.0989000000000002
1703,2022-02-27 10:29:04,2022-03-05 20:21:02,3.2,2.4,3.2,2.4,1.0,1.0,-0.8000000000000003,-1.0400000000000003,29,2022-02-27 08:45:33,1.1494756143988392,0.14947561439883916,6,26,2022-02-27 08:53:19,headgear_trippy captain hat,2.995,3.2,3.33,0.14947561439883916,0.3434895619903958,0.4351678506114797,-109.21970000000003,34,"(0.349, 0.953]",-2.1389000000000005
970,2022-02-20 00:11:40,2022-02-26 10:52:32,3.56,3.65,3.56,3.28,1.0,1.1128048780487805,0.08999999999999986,-0.27500000000000013,13,2022-02-19 21:49:21,1.1888489474429855,0.18884894744298553,6,8,2022-02-19 21:57:15,mouth_mask,3.4,3.5,3.56,0.18884894744298553,0.3706160297805113,0.5095541807914432,-115.02560000000004,41,"(0.349, 0.953]",-2.413900000000001
4482,2022-02-19 13:45:27,2022-02-26 07:45:51,3.5,3.25,3.48,2.99,1.0057471264367817,1.0869565217391304,-0.25,-0.575,11,2022-02-19 09:23:41,1.108398759076178,0.10265163263939625,6,6,2022-02-19 09:31:57,headgear_hair red,3.17,3.5,3.6,0.10265163263939625,0.3756524988844264,0.2732622116031182,-88.12940000000003,42,"(0.164, 0.349]",-4.0656
4376,2022-02-26 04:36:13,2022-03-05 03:24:47,3.155,2.3,2.99,2.3,1.0551839464882942,1.0,-0.855,-1.085,26,2022-02-25 15:52:49,1.0649450807744965,0.009761134286202289,6,21,2022-02-25 16:01:12,background_summer,2.75,2.88,2.9,0.009761134286202289,0.2785573758481599,0.035041736936533424,-30.882300000000008,35,"(-0.64, 0.0369]",-14.1643
1481,2022-03-14 14:00:37,2022-03-20 20:26:33,2.75,2.65,2.74,2.6189999999999998,1.0036496350364963,1.0118365788468882,-0.10000000000000009,-0.3650000000000001,48,2022-03-14 09:37:07,1.0315884302419172,0.027938795205420863,6,43,2022-03-14 09:45:33,headgear_ww2 pilot helmet,2.75,3.6,3.7,0.027938795205420863,0.1571239223654756,0.17781375862317308,-77.5554,19,"(0.164, 0.349]",-4.4306
3182,2022-03-14 21:40:32,2022-03-21 16:30:44,3.7,4.3,2.88,2.75,1.2847222222222223,1.5636363636363635,0.5999999999999996,0.16999999999999965,48,2022-03-14 09:37:07,1.4382331035411156,0.15351088131889323,6,43,2022-03-14 09:45:33,outfit_ghost,3.7,4.79,5.49,0.15351088131889323,0.161347604293887,0.9514295671801885,-121.4484,18,"(0.349, 0.953]",-2.2439000000000013
2404,2022-03-14 13:52:00,2022-03-20 16:05:08,3.069,2.62,2.74,2.62,1.1200729927007298,1.0,-0.44899999999999984,-0.7109999999999999,48,2022-03-14 09:37:07,1.2418068675326754,0.12173387483194564,6,43,2022-03-14 09:45:33,background_mint,3.069,4.997,5.0,0.12173387483194564,0.11833946152822004,1.0286836973896163,-122.2574,19,"(0.953, 10.534]",7.4428
4692,2022-03-13 15:12:41,2022-03-20 10:55:11,2.38,2.69,2.38,2.69,1.0,1.0,0.31000000000000005,0.041000000000000036,46,2022-03-13 15:03:01,1.0249109526281865,0.024910952628186545,6,41,2022-03-13 15:10:58,headgear_ww2 pilot helmet,2.38,2.6,2.6,0.024910952628186545,0.2600329188605071,0.09579922702613608,-56.211600000000004,20,"(0.0369, 0.164]",-15.442699999999999
4523,2022-02-24 06:48:41,2022-03-03 13:06:13,2.2,2.2,2.2,2.18,1.0,1.0091743119266054,0.0,-0.22000000000000003,21,2022-02-23 22:05:43,1.0059968976718727,0.005996897671872725,7,16,2022-02-23 22:14:22,headgear_cat ears,2.2,3.6,3.9,0.005996897671872725,0.1116425552715633,0.05371515957589522,-41.2931,37,"(0.0369, 0.164]",-15.6627
931,2022-02-19 14:44:32,2022-02-27 04:27:45,4.44,4.7,3.79,3.38,1.1715039577836412,1.3905325443786982,0.2599999999999998,-0.21000000000000024,11,2022-02-19 09:23:41,1.4638077208867004,0.29230376310305917,7,6,2022-02-19 09:31:57,companion_inu,3.9,4.04,4.3,0.29230376310305917,0.4537645246871386,0.6441750009095503,-116.46960000000003,42,"(0.349, 0.953]",-2.4539000000000017
524,2022-02-19 01:01:05,2022-02-26 22:21:54,3.09,3.54,2.97,3.4188,1.0404040404040402,1.0354510354510353,0.4500000000000002,0.09600000000000014,10,2022-02-18 16:06:20,1.062866388333871,0.022462347929830706,7,5,2022-02-18 16:13:42,headgear_commie hat,3.0,3.0,3.09,0.022462347929830706,0.36337581907131355,0.06181574763900953,-43.027,42,"(0.0369, 0.164]",-15.566699999999999
3984,2022-02-19 12:58:30,2022-02-26 23:28:22,3.457,3.7489999999999997,3.3,3.7,1.0475757575757576,1.013243243243243,0.2919999999999998,-0.0829000000000002,11,2022-02-19 09:23:41,1.07590049194716,0.02832473437140237,7,6,2022-02-19 09:31:57,headgear_ponytail blue,3.299,3.457,3.5,0.02832473437140237,0.45206561511583426,0.06265624596142892,-43.1099,42,"(0.0369, 0.164]",-15.6496
5164,2022-02-19 09:29:04,2022-02-26 23:26:29,3.19,3.74,3.15,3.7,1.0126984126984127,1.010810810810811,0.5500000000000003,0.1760000000000002,11,2022-02-19 09:23:41,1.0377560545492692,0.02505764185085657,7,5,2022-02-18 16:13:42,headgear_trippy captain hat,2.1,2.38,2.39,0.02505764185085657,0.9550617310187887,0.02623667249668453,-29.69750000000001,42,"(-0.64, 0.0369]",-13.9883
3697,2022-02-22 20:08:22,2022-03-02 11:56:03,2.8,2.3,2.79,2.3,1.003584229390681,1.0,-0.5,-0.73,18,2022-02-22 17:28:59,1.0535760358516622,0.049991806460981225,7,13,2022-02-22 17:38:54,headgear_bucket hat,2.8,3.69,3.69,0.049991806460981225,0.15289720261199574,0.32696351278475944,-98.86050000000002,38,"(0.164, 0.349]",-5.1606000000000005
5127,2022-02-18 08:59:51,2022-02-25 10:33:52,3.25,3.25,2.9,2.94,1.120689655172414,1.1054421768707483,0.0,-0.325,9,2022-02-18 08:33:49,1.092674678557347,-0.028014976615067022,7,4,2022-02-18 08:42:21,skin_leopard,3.1,3.25,3.3,-0.028014976615067022,0.42748369425678584,-0.06553460866799439,-10.5113,43,"(-0.64, 0.0369]",-14.3133
1411,2022-02-18 23:20:42,2022-02-26 21:40:22,2.97,3.417,2.97,3.29,1.0,1.0386018237082066,0.4469999999999996,0.10529999999999962,10,2022-02-18 16:06:20,1.0463914567313366,0.0463914567313366,7,5,2022-02-18 16:13:42,headgear_hypebeast black,2.74,2.97,3.19,0.0463914567313366,0.28920860973726276,0.1604082837419046,-76.9097,42,"(0.0369, 0.164]",-15.5443
589,2022-03-03 19:33:10,2022-03-11 12:38:56,2.3,2.4,2.0999,2.4,1.095290251916758,1.0,0.10000000000000009,-0.1399999999999999,34,2022-03-03 10:41:36,1.115633942853413,0.020343690936655,7,31,2022-03-03 10:51:21,background_candycane,2.3,3.5,3.6,0.020343690936655,0.12452213416550949,0.16337409467793926,-77.0497,29,"(0.0369, 0.164]",-15.6843
5024,2022-02-19 19:23:07,2022-02-26 23:45:11,4.88,4.5,3.675,3.49,1.327891156462585,1.2893982808022921,-0.3799999999999999,-0.8299999999999998,12,2022-02-19 15:54:14,1.5585277002876192,0.23063654382503418,7,7,2022-02-19 16:02:11,headgear_ponytail blue,2.995,3.33,3.91,0.23063654382503418,0.9587193582323965,0.24056731706164963,-82.5614,41,"(0.164, 0.349]",-5.990600000000001
5339,2022-02-26 23:28:22,2022-03-06 09:13:14,3.978,3.19,3.7,2.7,1.075135135135135,1.1814814814814814,-0.7880000000000003,-1.1070000000000002,28,2022-02-26 20:55:40,1.2275165547925895,0.15238141965745444,7,24,2022-02-26 23:25:16,background_fiery,2.7,3.19,3.2,0.15238141965745444,0.9557808333485256,0.15943134068047224,-76.726,34,"(0.0369, 0.164]",-16.7913
146,2022-03-16 14:08:33,2022-03-24 02:25:23,2.68,2.5,2.69,2.5,0.996282527881041,1.0,-0.18000000000000016,-0.43000000000000016,50,2022-03-16 08:05:23,1.05130476685816,0.05502223897711911,7,45,2022-03-16 08:12:49,headgear_beanie,2.68,2.99,3.2,0.05502223897711911,0.23726945237074845,0.23189769448763004,-79.39240000000001,17,"(0.164, 0.349]",-6.4206
5222,2022-03-06 00:02:24,2022-03-14 10:19:41,3.7889999999999997,3.9,2.8,2.7,1.3532142857142857,1.4444444444444444,0.11100000000000021,-0.2789999999999998,36,2022-03-05 15:31:23,1.6467519638521195,0.2935376781378338,8,33,2022-03-05 15:40:30,outfit_rapper's bandana,3.7889999999999997,5.0,6.99,0.2935376781378338,0.15933950666749505,1.8422153066557407,-124.7673,27,"(0.953, 10.534]",7.1638
1494,2022-02-19 13:57:57,2022-02-27 17:03:12,5.999,4.1,3.6,2.95,1.6663888888888887,1.3898305084745761,-1.899,-2.309,11,2022-02-19 09:23:41,1.6436921232422217,-0.022696765646667005,8,6,2022-02-19 09:31:57,background_aurora,3.97,4.3,4.44,-0.022696765646667005,0.9641238563532586,-0.023541338073010846,-17.381300000000003,42,"(-0.64, 0.0369]",-16.6223
3494,2022-02-25 12:11:25,2022-03-06 06:42:34,5.0,4.45,3.25,2.8,1.5384615384615385,1.5892857142857144,-0.5499999999999998,-0.9949999999999999,25,2022-02-25 09:37:59,1.6006321796661775,0.062170641204639,8,20,2022-02-25 09:46:14,headgear_ponytail red,4.2,4.3,4.5,0.062170641204639,0.23847445443704124,0.2607014715744006,-84.23940000000002,36,"(0.164, 0.349]",-7.4156
3740,2022-03-05 14:40:42,2022-03-14 06:09:13,2.4,2.72,2.4,2.7,1.0,1.0074074074074073,0.3200000000000003,0.048000000000000265,35,2022-03-04 12:24:53,0.9996032547798924,-0.00039674522010757496,8,32,2022-03-04 12:35:29,background_dusk,2.4,3.3,3.7,-0.00039674522010757496,0.14258363087973647,-0.0027825439544474327,-25.067100000000003,28,"(-0.64, 0.0369]",-16.574299999999997
2602,2022-03-25 07:33:12,2022-04-02 11:06:55,2.055,2.22,2.399,2.14,0.8566069195498125,1.0373831775700935,0.16500000000000004,-0.056999999999999995,58,2022-03-24 22:45:31,1.0947292116116984,0.23812229206188595,8,53,2022-03-24 23:13:51,headgear_hair red,2.055,2.85,2.99,0.23812229206188595,0.07801514418900364,3.0522572833422985,-126.1531,8,"(0.953, 10.534]",7.1068
253,2022-02-21 15:38:00,2022-03-01 18:21:58,3.2,2.75,3.3,2.61,0.9696969696969698,1.053639846743295,-0.4500000000000002,-0.7250000000000002,16,2022-02-21 10:35:26,1.0890478806475994,0.11935091095062955,8,11,2022-02-21 10:43:25,headgear_trippy captain hat,2.99,3.2,3.3,0.11935091095062955,0.3271277703354541,0.36484493758582714,-101.3675,40,"(0.349, 0.953]",-3.178900000000002
3898,2022-02-16 23:58:00,2022-02-25 22:36:10,2.625,2.9,2.775,2.899,0.9459459459459459,1.0003449465332872,0.2749999999999999,-0.015000000000000069,6,2022-02-16 23:08:12,1.0608581114991846,0.11491216555323869,8,1,2022-02-16 23:18:32,headgear_pirate hat,2.625,3.5,3.5,0.11491216555323869,0.12300509260418653,0.934206569178483,-121.61840000000001,44,"(0.349, 0.953]",-3.193900000000002
3747,2022-03-16 22:34:23,2022-03-24 23:47:54,2.85,2.4,2.79,2.399,1.021505376344086,1.0004168403501459,-0.4500000000000002,-0.6900000000000002,50,2022-03-16 08:05:23,1.0287401764779245,0.0072348001338384815,8,45,2022-03-16 08:12:49,headgear_ww2 pilot helmet,2.85,2.94,3.0,0.0072348001338384815,0.3595442310253821,0.02012214217206489,-29.763500000000008,16,"(-0.64, 0.0369]",-17.2643
3973,2022-02-18 01:47:30,2022-02-26 04:59:43,2.925,3.39,2.98,2.99,0.9815436241610738,1.1337792642140467,0.4650000000000003,0.12600000000000028,8,2022-02-17 20:12:21,1.257824967384825,0.2762813432237512,8,3,2022-02-17 20:21:14,outfit_techwear black,2.925,3.988,5.25,0.2762813432237512,0.13298962581199955,2.077465377745446,-126.9413,43,"(0.953, 10.534]",7.2328
5478,2022-03-03 10:42:43,2022-03-11 18:25:30,2.2,2.75,2.1,2.4,1.0476190476190477,1.1458333333333335,0.5499999999999998,0.2749999999999998,34,2022-03-03 10:41:36,1.0496989466796125,0.002079899060564827,8,30,2022-03-02 10:51:14,headgear_pirate hat,2.2,2.5,3.0,0.002079899060564827,0.2238266804725355,0.009292453679667736,-26.794500000000006,30,"(-0.64, 0.0369]",-16.9893
2065,2022-02-19 14:40:05,2022-02-28 03:47:09,3.99,3.29,3.79,2.99999999999,1.0527704485488127,1.0966666666703222,-0.7000000000000002,-1.0290000000000001,11,2022-02-19 09:23:41,1.0888344367866347,0.036063988237821976,8,6,2022-02-19 09:31:57,outfit_puff jacket red,3.29,3.4,3.47,0.036063988237821976,0.9553623222620624,0.03774901667927551,-35.85010000000001,42,"(0.0369, 0.164]",-17.8203
3772,2022-02-28 08:54:23,2022-03-09 12:03:14,3.25,2.2,2.91,2.199,1.1168384879725086,1.0004547521600728,-1.0499999999999998,-1.2699999999999998,30,2022-02-27 21:20:42,1.2841406959644368,0.1673022079919282,9,27,2022-02-27 21:29:32,background_ocean,3.1689999999999996,3.25,3.4,0.1673022079919282,0.32504997096748744,0.5146968864324627,-116.29560000000004,33,"(0.349, 0.953]",-4.4639000000000015
4912,2022-02-26 23:13:34,2022-03-08 12:30:59,3.694,2.15,3.6,2.15,1.026111111111111,1.0,-1.544,-1.7590000000000001,28,2022-02-26 20:55:40,1.1012360757374244,0.07512496462631346,9,23,2022-02-26 21:03:38,mouth_pizza,3.0,3.0,3.14,0.07512496462631346,0.9559439344974229,0.07858720780085246,-50.7296,34,"(0.0369, 0.164]",-19.5793
3559,2022-03-22 07:23:04,2022-04-01 06:39:12,2.11,2.15,2.55,1.95,0.8274509803921569,1.1025641025641026,0.040000000000000036,-0.17499999999999996,55,2022-03-21 10:58:10,1.1136030957485021,0.2861521153563452,9,50,2022-03-21 11:36:15,outfit_astro,2.11,2.4,2.75,0.2861521153563452,0.11590392176457229,2.468873451388353,-126.9181,11,"(0.953, 10.534]",7.0578
2519,2022-02-26 23:13:34,2022-03-08 17:35:13,3.7,2.18,3.6,2.169,1.027777777777778,1.0050714615029968,-1.52,-1.738,28,2022-02-26 20:55:40,1.0739950420440212,0.046217264266243285,9,23,2022-02-26 21:03:38,outfit_summer,3.38,3.55,3.7,0.046217264266243285,0.2947121892220045,0.15682169233736093,-75.619,34,"(0.0369, 0.164]",-21.3173
3757,2022-02-20 02:09:24,2022-03-01 12:18:39,3.987,2.5,3.54,2.5,1.126271186440678,1.0,-1.487,-1.737,13,2022-02-19 21:49:21,1.0368839371104581,-0.08938724933021991,9,8,2022-02-19 21:57:15,headgear_beanie,2.875,2.9,3.0,-0.08938724933021991,0.9567774527708814,-0.09342533007163724,-7.456800000000001,41,"(-0.64, 0.0369]",-18.726300000000002
4002,2022-02-26 08:19:44,2022-03-08 06:46:25,3.5,3.0,3.1,2.2,1.129032258064516,1.3636363636363635,-0.5,-0.8,26,2022-02-25 15:52:49,1.2695615001207343,0.1405292420562183,9,21,2022-02-25 16:01:12,headgear_rapper bandana,2.89,3.25,3.5,0.1405292420562183,0.32101557771064365,0.4377645566561516,-109.35870000000003,35,"(0.349, 0.953]",-5.263900000000001
1719,2022-02-19 14:33:09,2022-03-01 10:34:13,3.8,2.488,3.8,2.478,1.0,1.0040355125100886,-1.3119999999999998,-1.5608,11,2022-02-19 09:23:41,1.0118037492699385,0.011803749269938546,9,6,2022-02-19 09:31:57,headgear_mafia,3.25,3.8,3.99,0.011803749269938546,0.324636191883453,0.036359930177397436,-33.10710000000001,42,"(-0.64, 0.0369]",-20.287100000000002
4060,2022-03-24 10:27:56,2022-04-02 13:07:32,2.055,2.2,2.5980000000000003,2.2,0.7909930715935335,1.0,0.14500000000000002,-0.07500000000000001,57,2022-03-23 09:12:09,1.0035274566355568,0.21253438504202327,9,52,2022-03-23 09:51:28,headgear_trippy captain hat,2.055,3.92,3.9589999999999996,0.21253438504202327,0.03763234241568318,5.647652295846727,-124.31450000000001,9,"(0.953, 10.534]",6.9828
4094,2022-02-17 08:24:48,2022-02-26 23:11:55,2.7,3.99,2.89,3.6,0.9342560553633218,1.1083333333333334,1.29,0.891,7,2022-02-17 08:22:24,1.1385221252076445,0.20426606984432272,9,1,2022-02-16 23:18:32,headgear_sushi chef headband,2.7,3.15,3.2,0.20426606984432272,0.7083063821140275,0.2883866007738989,-89.74680000000002,44,"(0.164, 0.349]",-6.5246
4569,2022-03-14 14:00:37,2022-03-24 04:13:50,2.83,2.679,2.74,2.5,1.032846715328467,1.0715999999999999,-0.15100000000000025,-0.4189000000000002,48,2022-03-14 09:37:07,1.0802743244933715,0.047427609164904405,9,43,2022-03-14 09:45:33,background_sunset,2.83,3.6,3.7,0.047427609164904405,0.16549248136924455,0.28658467606806,-90.63780000000003,19,"(0.164, 0.349]",-6.9435
4543,2022-02-17 21:00:49,2022-02-26 22:09:41,2.79,3.4189999999999996,2.7,3.4188,1.0333333333333332,1.0000585000584998,0.6289999999999996,0.2870999999999996,8,2022-02-17 20:12:21,1.0331322811300963,-0.00020105220323696216,9,3,2022-02-17 20:21:14,headgear_halo,2.79,2.88,2.94,-0.00020105220323696216,0.9277129669312241,-0.00021671811260978865,-24.780000000000005,43,"(-0.64, 0.0369]",-20.000000000000004
5432,2022-03-04 18:08:39,2022-03-13 20:18:13,2.25,2.85,2.2,2.75,1.0227272727272727,1.0363636363636364,0.6000000000000001,0.31500000000000006,35,2022-03-04 12:24:53,1.1201207984030002,0.09739352567572745,9,32,2022-03-04 12:35:29,background_summer,2.25,3.29,3.5,0.09739352567572745,0.12915689497818997,0.7540714391761568,-117.48560000000003,28,"(0.349, 0.953]",-4.948900000000001
3955,2022-03-02 16:21:13,2022-03-11 22:23:00,2.32,2.399,2.32,2.399,1.0,1.0,0.07900000000000018,-0.16089999999999982,33,2022-03-02 10:41:16,1.1064675193655071,0.10646751936550714,9,30,2022-03-02 10:51:14,headgear_reggae hair,2.32,2.64,2.8,0.10646751936550714,0.9273796093874922,0.11480468007683056,-60.447500000000005,30,"(0.0369, 0.164]",-21.4782
3341,2022-02-20 15:36:15,2022-03-03 10:46:58,3.69,2.1,3.675,2.1,1.0040816326530613,1.0,-1.5899999999999999,-1.7999999999999998,14,2022-02-20 08:34:51,1.054388002866609,0.05030637021354778,10,9,2022-02-20 08:43:05,headgear_halo,2.1,2.1390000000000002,2.19,0.05030637021354778,0.9555492407980098,0.052646549299265114,-41.539100000000005,41,"(0.0369, 0.164]",-23.278200000000002
5307,2022-03-03 13:07:43,2022-03-13 14:34:13,2.19,3.2,2.18,2.38,1.0045871559633026,1.3445378151260505,1.0100000000000002,0.6900000000000002,34,2022-03-03 10:41:36,1.1207648888764241,0.1161777329131215,10,31,2022-03-03 10:51:21,outfit_puff jacket yellow,2.19,2.93,3.8,0.1161777329131215,0.14853922330373281,0.7821350504543936,-116.72460000000004,30,"(0.349, 0.953]",-4.258900000000001
980,2022-03-20 07:48:19,2022-03-31 03:28:26,2.67,1.9480000000000002,2.55,1.95,1.0470588235294118,0.998974358974359,-0.7219999999999998,-0.9167999999999998,53,2022-03-19 16:19:41,1.180485756985991,0.1334269334565792,10,48,2022-03-19 16:28:35,headgear_hypebeast white,2.67,3.4,3.75,0.1334269334565792,0.16355302961579776,0.8158022738558389,-118.81540000000003,13,"(0.349, 0.953]",-5.175700000000001
3540,2022-03-04 01:17:33,2022-03-14 16:15:04,2.1,2.878,2.09,2.75,1.0047846889952154,1.0465454545454547,0.778,0.4902,34,2022-03-03 10:41:36,1.0336901896248127,0.02890550062959729,10,31,2022-03-03 10:51:21,headgear_halo,2.1,3.0,3.15,0.02890550062959729,0.9273993174177716,0.031168343653822254,-29.797300000000007,29,"(-0.64, 0.0369]",-19.509800000000002
3688,2022-02-26 23:39:23,2022-03-09 00:36:38,3.49,2.17,3.55,2.15,0.9830985915492959,1.0093023255813953,-1.3200000000000003,-1.5370000000000004,28,2022-02-26 20:55:40,1.2476240818360158,0.2645254902867199,10,24,2022-02-26 23:25:16,background_aurora,2.427,3.2,3.49,0.2645254902867199,0.244779594173904,1.0806680645886986,-123.79440000000001,34,"(0.953, 10.534]",5.4458
2091,2022-02-19 13:27:02,2022-03-02 11:23:19,4.44,3.75,3.44,2.3,1.2906976744186047,1.6304347826086958,-0.6900000000000004,-1.0650000000000004,11,2022-02-19 09:23:41,1.6271705492042705,0.3364728747856658,10,6,2022-02-19 09:31:57,skin_mecha,4.44,4.5,5.4,0.3364728747856658,0.4252716391886214,0.791195188627261,-117.78960000000004,42,"(0.349, 0.953]",-6.240700000000001
432,2022-03-03 10:24:25,2022-03-13 15:23:46,2.25,2.49,2.19,2.47,1.0273972602739727,1.008097165991903,0.2400000000000002,-0.008999999999999814,33,2022-03-02 10:41:16,1.131641090935962,0.10424383066198928,10,30,2022-03-02 10:51:14,headgear_goggle yellow,2.25,2.4,3.25,0.10424383066198928,0.2874745504504728,0.3626193362112894,-100.64250000000001,30,"(0.349, 0.953]",-6.249700000000001
2869,2022-02-26 12:08:26,2022-03-08 18:22:50,3.42,2.2,3.42,2.169,1.0,1.0142923005993547,-1.2199999999999998,-1.4399999999999997,27,2022-02-26 09:19:31,1.0736514287312084,0.07365142873120845,10,22,2022-02-26 09:27:57,headgear_bushido,2.5,2.5,2.6,0.07365142873120845,0.9498313723794533,0.07754158356203994,-48.9706,35,"(0.0369, 0.164]",-24.718200000000003
4677,2022-03-03 01:58:09,2022-03-14 19:00:06,2.2,2.75,2.15,2.73,1.0232558139534884,1.0073260073260073,0.5499999999999998,0.2749999999999998,33,2022-03-02 10:41:16,1.0671992589667978,0.04394344501330938,11,30,2022-03-02 10:51:14,background_summer,2.2,2.88,2.9,0.04394344501330938,0.1559800373555783,0.28172480118807863,-90.21890000000003,30,"(0.164, 0.349]",-6.668500000000001
4503,2022-03-05 14:39:34,2022-03-16 15:21:52,2.6,2.97,2.4,2.86,1.0833333333333335,1.0384615384615385,0.3700000000000001,0.07300000000000006,35,2022-03-04 12:24:53,1.2565245906514921,0.17319125731815865,11,32,2022-03-04 12:35:29,headgear_golf hat,2.6,3.49,3.5,0.17319125731815865,0.1481246805734906,1.1692261994936861,-123.76790000000003,28,"(0.953, 10.534]",5.518800000000001
1526,2022-02-24 00:48:06,2022-03-07 14:15:42,2.39,2.41,2.5,2.41,0.9560000000000001,1.0,0.020000000000000018,-0.221,21,2022-02-23 22:05:43,1.0405291605875144,0.08452916058751436,11,16,2022-02-23 22:14:22,background_dusk,2.39,3.59,3.98,0.08452916058751436,0.10314349054208356,0.8195297652160185,-119.03640000000003,37,"(0.349, 0.953]",-6.470700000000001
3950,2022-02-26 11:24:34,2022-03-09 22:45:09,3.43,2.3,3.3,2.25,1.0393939393939395,1.0222222222222221,-1.1300000000000003,-1.3600000000000003,27,2022-02-26 09:19:31,1.027410923354058,-0.0119830160398815,11,22,2022-02-26 09:27:57,headgear_fire mohawk,2.25,2.28,2.3,-0.0119830160398815,0.9562616284343101,-0.01253110621985463,-23.170100000000005,35,"(-0.64, 0.0369]",-20.8698
2441,2022-03-02 15:05:39,2022-03-13 23:27:31,2.25,2.85,2.2,2.72,1.0227272727272727,1.0477941176470589,0.6000000000000001,0.31500000000000006,33,2022-03-02 10:41:16,1.0971529944888332,0.07442572176156048,11,30,2022-03-02 10:51:14,headgear_beanie,2.25,2.79,2.8,0.07442572176156048,0.1777793347217682,0.4186410185303017,-108.17970000000003,31,"(0.349, 0.953]",-6.1557
3661,2022-03-05 03:19:55,2022-03-16 14:30:21,2.4,2.7,2.3,2.69,1.0434782608695652,1.0037174721189592,0.30000000000000027,0.03000000000000025,35,2022-03-04 12:24:53,1.0220315587539746,-0.021446702115590632,11,32,2022-03-04 12:35:29,background_summer,2.4,3.29,3.5,-0.021446702115590632,0.14321705554240782,-0.14974963725071191,-3.4824,28,"(-0.64, 0.0369]",-20.8398
4083,2022-03-05 14:39:34,2022-03-16 17:09:24,2.6,2.975,2.4,2.88,1.0833333333333335,1.0329861111111112,0.375,0.07749999999999996,35,2022-03-04 12:24:53,1.313657464079149,0.23032413074581548,11,32,2022-03-04 12:35:29,outfit_vest,2.6,3.69,3.88,0.23032413074581548,0.13669444345321208,1.684956059129434,-124.48830000000001,28,"(0.953, 10.534]",5.5963
20,2022-02-20 19:20:32,2022-03-05 07:24:51,3.79,2.427,3.699,2.3,1.024601243579346,1.0552173913043479,-1.363,-1.6057000000000001,14,2022-02-20 08:34:51,1.1661165169724823,0.1415152733931364,12,9,2022-02-20 08:43:05,background_aurora,2.28,2.3,2.45,0.1415152733931364,0.34516601652471135,0.4099919071349394,-108.49470000000002,40,"(0.349, 0.953]",-7.7614
3057,2022-03-01 12:08:12,2022-03-14 02:01:26,2.7,2.6,2.5,2.7,1.08,0.9629629629629629,-0.10000000000000009,-0.3600000000000001,32,2022-03-01 10:10:31,1.111217166297644,0.031217166297643928,12,29,2022-03-01 10:20:54,headgear_goggle white,2.7,3.29,3.33,0.031217166297643928,0.18100857928583117,0.17246235742422358,-77.19040000000001,32,"(0.164, 0.349]",-7.028500000000001
3686,2022-02-26 09:14:03,2022-03-11 07:31:13,3.2,2.25,3.1,2.25,1.032258064516129,1.0,-0.9500000000000002,-1.1750000000000003,26,2022-02-25 15:52:49,0.9940948435688904,-0.03816322094723856,12,21,2022-02-25 16:01:12,headgear_army hat,3.1,3.11,3.2,-0.03816322094723856,0.2944107038341988,-0.12962579298316093,-4.683400000000001,35,"(-0.64, 0.0369]",-22.0148
4936,2022-03-06 16:37:57,2022-03-18 17:48:21,2.5,2.95,2.5,2.74,1.0,1.0766423357664234,0.4500000000000002,0.15500000000000014,37,2022-03-06 09:29:31,1.0637375406160021,0.06373754061600212,12,34,2022-03-06 09:39:25,headgear_trippy captain hat,2.5,2.91,3.37,0.06373754061600212,0.2079645919522602,0.30648265657950824,-92.11380000000001,26,"(0.164, 0.349]",-6.873500000000001
440,2022-03-04 04:28:37,2022-03-16 14:59:54,2.09,2.84,2.09,2.76,1.0,1.028985507246377,0.75,0.466,34,2022-03-03 10:41:36,1.0496989466796125,0.0496989466796125,12,31,2022-03-03 10:51:21,headgear_halo,2.09,3.0,3.15,0.0496989466796125,0.9273476000047429,0.053592575943862165,-41.073100000000004,29,"(0.0369, 0.164]",-24.252200000000002
4193,2022-03-05 23:57:48,2022-03-18 05:10:01,3.49,3.8,2.8,2.65,1.2464285714285717,1.4339622641509433,0.3099999999999996,-0.0700000000000004,36,2022-03-05 15:31:23,1.4067245490062605,0.16029597757768888,12,33,2022-03-05 15:40:30,headgear_hair blue,3.49,3.634,4.5,0.16029597757768888,0.3218986088738597,0.49797039551824535,-113.91060000000003,27,"(0.349, 0.953]",-7.8314
748,2022-02-20 05:59:04,2022-03-05 22:33:09,4.0,2.6,3.54,2.6,1.1299435028248588,1.0,-1.4,-1.66,13,2022-02-19 21:49:21,1.14669588344688,0.016752380622021112,13,8,2022-02-19 21:57:15,background_fiery,3.0,3.1,3.19,0.016752380622021112,0.9564128653485077,0.01751584616745688,-29.374500000000005,41,"(-0.64, 0.0369]",-23.6748
2852,2022-03-14 20:21:01,2022-03-28 21:26:20,2.7689999999999997,2.2,2.75,2.13,1.0069090909090908,1.0328638497652582,-0.5689999999999995,-0.7889999999999995,48,2022-03-14 09:37:07,1.0498906757145836,0.042981584805492856,14,43,2022-03-14 09:45:33,headgear_trippy captain hat,2.7689999999999997,3.37,3.4,0.042981584805492856,0.18393057842385374,0.23368373640648882,-81.02340000000001,18,"(0.164, 0.349]",-7.6625000000000005
4581,2022-03-02 14:24:04,2022-03-16 14:37:31,2.01,2.75,2.25,2.69,0.8933333333333332,1.0223048327137547,0.7400000000000002,0.4650000000000002,33,2022-03-02 10:41:16,1.0837308862623332,0.19039755292899996,14,30,2022-03-02 10:51:14,background_dusk,2.01,2.8,3.25,0.19039755292899996,0.09057214843858757,2.1021644756290505,-126.33709999999999,31,"(0.953, 10.534]",6.0613
297,2022-03-04 04:28:37,2022-03-18 05:04:02,2.1,2.77,2.09,2.65,1.0047846889952154,1.0452830188679245,0.6699999999999999,0.3929999999999999,34,2022-03-03 10:41:36,1.0377631017863023,0.03297841279108682,14,31,2022-03-03 10:51:21,background_dusk,2.1,3.27,3.9,0.03297841279108682,0.11904458915784212,0.27702571804721415,-89.23140000000004,29,"(0.164, 0.349]",-7.269500000000001
950,2022-02-26 23:11:27,2022-03-13 16:08:39,3.7,2.65,3.6,2.65,1.027777777777778,1.0,-1.0500000000000003,-1.3150000000000004,28,2022-02-26 20:55:40,1.0221173311984861,-0.005660446579291767,14,23,2022-02-26 21:03:38,headgear_spinner hat,3.0,3.0,3.2,-0.005660446579291767,0.9556400121118411,-0.005923199643747556,-24.485100000000006,34,"(-0.64, 0.0369]",-24.989800000000002
4955,2022-02-19 13:27:02,2022-03-05 19:14:55,4.397,3.8,3.44,2.4,1.2781976744186048,1.5833333333333333,-0.5970000000000004,-0.9770000000000004,11,2022-02-19 09:23:41,1.4504558125226752,0.17225813810407042,14,6,2022-02-19 09:31:57,headgear_mask,4.0,4.397,4.44,0.17225813810407042,0.4617648062652112,0.37304302053096533,-103.27150000000002,42,"(0.349, 0.953]",-8.8084
1134,2022-02-21 00:47:59,2022-03-07 19:50:03,3.5,2.2,3.49,2.2,1.002865329512894,1.0,-1.2999999999999998,-1.5199999999999998,15,2022-02-20 23:21:24,1.0506975839359172,0.04783225442302319,14,10,2022-02-20 23:29:29,background_ocean,3.5,3.95,3.99,0.04783225442302319,0.22905987985942508,0.20881987038663438,-78.98740000000001,40,"(0.164, 0.349]",-8.7895
4438,2022-02-21 20:15:05,2022-03-08 16:24:55,3.0,2.178,3.0,2.176,1.0,1.0009191176470587,-0.8220000000000001,-1.0398,16,2022-02-21 10:35:26,1.103223381722916,0.10322338172291601,14,11,2022-02-21 10:43:25,headgear_hypebeast black,2.778,2.799,2.8,0.10322338172291601,0.3262744851157335,0.3163697635942983,-98.09750000000001,39,"(0.164, 0.349]",-9.8293
802,2022-02-27 03:59:21,2022-03-13 11:49:02,4.44,3.33,3.39,2.3,1.3097345132743363,1.4478260869565218,-1.1100000000000003,-1.4430000000000003,28,2022-02-26 20:55:40,1.551161021190855,0.24142650791651876,14,25,2022-02-27 00:00:52,companion_inu,2.99,3.4,3.9,0.24142650791651876,0.6289099627035913,0.3838808768089183,-104.71450000000002,34,"(0.349, 0.953]",-10.2514
72,2022-02-19 13:27:02,2022-03-06 06:24:20,4.8,3.8,3.44,2.8,1.3953488372093024,1.3571428571428572,-1.0,-1.38,11,2022-02-19 09:23:41,1.6882827220898022,0.2929338848804999,14,6,2022-02-19 09:31:57,outfit_ghost,4.79,4.8,5.49,0.2929338848804999,0.2239903859762706,1.307796687807543,-124.87790000000001,42,"(0.953, 10.534]",4.6813
3558,2022-02-22 08:57:22,2022-03-08 18:24:22,2.97,2.169,2.95,2.169,1.0067796610169493,1.0,-0.8010000000000002,-1.0179000000000002,16,2022-02-21 10:35:26,1.0023156835162397,-0.004463977500709593,14,11,2022-02-21 10:43:25,headgear_golf hat,2.965,2.97,3.22,-0.004463977500709593,0.27607943637703836,-0.01616917782537484,-18.399200000000004,39,"(-0.64, 0.0369]",-26.007700000000003
562,2022-03-02 13:43:51,2022-03-16 14:54:09,2.35,2.8,2.38,2.76,0.9873949579831933,1.0144927536231885,0.44999999999999973,0.16999999999999976,33,2022-03-02 10:41:16,1.0838918666935873,0.09649690871039396,14,30,2022-03-02 10:51:14,headgear_ponytail red,2.35,2.69,3.0,0.09649690871039396,0.2074774509645543,0.4650958851758768,-110.72360000000003,31,"(0.349, 0.953]",-10.0814
4081,2022-02-23 19:54:54,2022-03-10 22:21:41,2.8369999999999997,2.3,2.8369,2.25,1.0000352497444394,1.0222222222222221,-0.5369999999999999,-0.7669999999999999,20,2022-02-23 09:16:58,1.048920574127588,0.04888532438314863,15,15,2022-02-23 09:26:03,headgear_bushido,2.8,2.8369999999999997,2.99,0.04888532438314863,0.31734226194574,0.15404605766472784,-73.881,37,"(0.0369, 0.164]",-25.0192
1809,2022-02-18 08:23:11,2022-03-06 00:49:28,4.0,4.09,2.9,2.8,1.3793103448275863,1.4607142857142859,0.08999999999999986,-0.3190000000000002,8,2022-02-17 20:12:21,1.3463914768715186,-0.03291886795606769,15,3,2022-02-17 20:21:14,mouth_hypebeast mask,3.5,3.969,4.0,-0.03291886795606769,0.24933471198717183,-0.13202681525451357,-3.5084,43,"(-0.64, 0.0369]",-26.326700000000002
1620,2022-03-03 01:22:53,2022-03-18 13:46:37,2.15,2.75,2.15,2.75,1.0,1.0,0.6000000000000001,0.32500000000000007,33,2022-03-02 10:41:16,1.1298865399314304,0.1298865399314304,15,30,2022-03-02 10:51:14,headgear_beanie,2.15,2.79,2.8,0.1298865399314304,0.1615519976881758,0.8039921622147602,-117.46460000000003,30,"(0.349, 0.953]",-9.756400000000001
5500,2022-03-04 15:54:59,2022-03-21 09:11:55,2.2,2.8,2.2,2.75,1.0,1.018181818181818,0.5999999999999996,0.3199999999999997,35,2022-03-04 12:24:53,1.0204277556150976,0.020427755615097576,16,32,2022-03-04 12:35:29,headgear_pompadour black,2.2,3.98,4.5,0.020427755615097576,0.10278833648895937,0.1987361242809076,-77.46740000000001,29,"(0.164, 0.349]",-9.5093
2242,2022-02-18 11:01:07,2022-03-06 19:43:14,2.96,2.589,2.96,2.48999,1.0,1.0397632119004494,-0.371,-0.6299,9,2022-02-18 08:33:49,1.0566349130092594,0.05663491300925938,16,4,2022-02-18 08:42:21,headgear_reggae hair,2.77,2.9,2.935,0.05663491300925938,0.9376838808811985,0.06039872729393206,-43.123000000000005,43,"(0.0369, 0.164]",-25.6491
4261,2022-02-20 02:09:24,2022-03-09 01:12:08,4.0,2.1,3.54,2.15,1.1299435028248588,0.9767441860465117,-1.9,-2.11,13,2022-02-19 21:49:21,1.0451840242931258,-0.08475947853173293,16,8,2022-02-19 21:57:15,headgear_bucket hat,2.76,3.2,3.333,-0.08475947853173293,0.9510852474481933,-0.0891186975711658,-9.5668,41,"(-0.64, 0.0369]",-28.436700000000002
65,2022-02-24 09:02:36,2022-03-13 03:38:23,2.5,2.645,2.3,2.38,1.0869565217391306,1.111344537815126,0.14500000000000002,-0.1195,22,2022-02-24 08:30:31,1.073110261425439,-0.013846260313691516,16,17,2022-02-24 08:39:18,mouth_yawning,2.5,2.93,3.175,-0.013846260313691516,0.20445194152262675,-0.06772378980885906,-10.186300000000001,37,"(-0.64, 0.0369]",-28.5562
317,2022-02-22 10:42:53,2022-03-12 01:45:44,3.2,2.9,2.95,2.4,1.0847457627118644,1.2083333333333333,-0.30000000000000027,-0.5900000000000003,17,2022-02-22 09:05:28,1.091758505672502,0.007012742960637697,17,12,2022-02-22 09:13:54,headgear_hair red,2.85,3.2,3.5,0.007012742960637697,0.26270941049350555,0.026693916093314285,-30.28750000000001,39,"(-0.64, 0.0369]",-29.1462
2985,2022-02-25 11:56:50,2022-03-14 18:55:18,3.19,2.73,2.969,2.73,1.074435836982149,1.0,-0.45999999999999996,-0.733,25,2022-02-25 09:37:59,1.2370341046070723,0.16259826762492335,17,20,2022-02-25 09:46:14,headgear_furu hat,3.19,4.0,4.75,0.16259826762492335,0.16899082613542185,0.9621721565798147,-122.6864,36,"(0.953, 10.534]",3.9483
2139,2022-02-20 12:07:21,2022-03-10 21:43:39,3.54,2.1,3.54,2.25,1.0,0.9333333333333333,-1.44,-1.65,14,2022-02-20 08:34:51,1.0800812352335611,0.08008123523356114,18,9,2022-02-20 08:43:05,background_fiery,2.28,2.69,2.99,0.08008123523356114,0.9498313723794533,0.08431100252347641,-53.3996,41,"(0.0369, 0.164]",-27.2991
2027,2022-03-13 14:12:48,2022-04-01 07:04:47,2.37,2.1390000000000002,2.35,1.95,1.0085106382978724,1.0969230769230771,-0.23099999999999987,-0.4448999999999999,45,2022-03-12 08:36:34,1.2081170668888013,0.19960642859092892,18,40,2022-03-12 08:44:02,background_summer,2.37,3.5,3.5,0.19960642859092892,0.12704451569793312,1.5711534456593335,-124.56580000000001,20,"(0.953, 10.534]",3.5034
4974,2022-02-22 17:09:16,2022-03-14 16:48:27,2.73,3.2,2.8,2.75,0.9750000000000001,1.1636363636363638,0.4700000000000002,0.15000000000000013,17,2022-02-22 09:05:28,1.2232234718034645,0.24822347180346438,19,12,2022-02-22 09:13:54,headgear_commie hat,2.73,3.1,3.5,0.24822347180346438,0.20391910435592764,1.2172644274182685,-123.61790000000002,38,"(0.953, 10.534]",3.6534000000000004
2391,2022-02-22 09:34:13,2022-03-13 11:17:34,2.95,2.275,2.95,2.275,1.0,1.0,-0.6750000000000003,-0.9025000000000003,17,2022-02-22 09:05:28,1.0685464807690128,0.06854648076901282,19,12,2022-02-22 09:13:54,headgear_golf hat,2.75,2.95,3.3,0.06854648076901282,0.24618488702781396,0.27843496648625893,-90.33890000000004,39,"(0.164, 0.349]",-10.4118
5433,2022-03-13 15:15:21,2022-04-02 11:43:30,2.4,2.25,2.38,2.195,1.0084033613445378,1.0250569476082005,-0.1499999999999999,-0.3749999999999999,46,2022-03-13 15:03:01,1.052912738283645,0.04450937693910717,19,41,2022-03-13 15:10:58,headgear_sushi chef headband,2.4,2.62,3.22,0.04450937693910717,0.9273384270431443,0.04799690775354484,-37.33510000000001,20,"(0.0369, 0.164]",-27.6741
1281,2022-02-20 12:53:58,2022-03-12 02:02:28,3.5989999999999998,2.15,3.5989999999999998,2.4,1.0,0.8958333333333334,-1.4489999999999998,-1.664,14,2022-02-20 08:34:51,1.1471427828809782,0.14714278288097815,19,9,2022-02-20 08:43:05,headgear_hair red,2.22,2.39,2.69,0.14714278288097815,0.27264557120183347,0.5396852119488551,-117.73460000000004,41,"(0.349, 0.953]",-11.4204
1001,2022-03-02 02:56:30,2022-03-21 10:09:02,2.48,2.75,2.55,2.75,0.9725490196078432,1.0,0.27,-0.0050000000000000044,32,2022-03-01 10:10:31,0.9952851647542955,0.02273614514645228,19,29,2022-03-01 10:20:54,headgear_ww2 pilot helmet,2.48,2.95,2.95,0.02273614514645228,0.1765009558712156,0.12881598875329475,-68.0665,31,"(0.0369, 0.164]",-27.6791
4135,2022-02-24 19:47:31,2022-03-16 14:37:42,2.59,2.8,2.35,2.69,1.102127659574468,1.0408921933085502,0.20999999999999996,-0.07,23,2022-02-24 13:18:13,1.1166804735113345,0.014552813936866471,19,18,2022-02-24 13:26:29,background_summer,2.59,2.7,2.9,0.014552813936866471,0.32633504617321907,0.04459470138901912,-35.92010000000001,36,"(0.0369, 0.164]",-27.7491
5428,2022-02-17 10:59:32,2022-03-10 10:57:55,2.89,2.095,2.89,2.2,1.0,0.9522727272727273,-0.7949999999999999,-1.0045,7,2022-02-17 08:22:24,1.0003032653558945,0.0003032653558945331,20,2,2022-02-17 08:30:50,headgear_ww2 pilot helmet,2.89,3.15,3.3,0.0003032653558945331,0.2625170120912708,0.0011552217263127123,-26.609500000000004,44,"(-0.64, 0.0369]",-30.1507
1169,2022-02-23 23:56:36,2022-03-16 17:50:04,2.18,2.935,2.19,2.88,0.995433789954338,1.0190972222222223,0.7549999999999999,0.46149999999999985,21,2022-02-23 22:05:43,1.111076826839721,0.11564303688538313,20,16,2022-02-23 22:14:22,outfit_neo cyber punk,2.18,4.75,5.0,0.11564303688538313,0.09935589995780525,1.163927224598587,-123.84090000000002,37,"(0.953, 10.534]",4.1149000000000004
3383,2022-02-25 11:48:42,2022-03-18 05:07:36,3.15,2.8,2.969,2.65,1.060963287302122,1.0566037735849056,-0.3500000000000001,-0.6300000000000001,25,2022-02-25 09:37:59,1.059900834017977,-0.001062453284145004,20,20,2022-02-25 09:46:14,mouth_lollipop,3.15,3.55,3.888,-0.001062453284145004,0.2303232812907747,-0.004612878377690772,-25.115100000000005,36,"(-0.64, 0.0369]",-30.7807
2112,2022-02-24 19:41:13,2022-03-16 22:07:20,2.82,2.824,2.35,2.824,1.2,1.0,0.0040000000000000036,-0.2784,23,2022-02-24 13:18:13,1.1574455391561334,-0.042554460843866604,20,18,2022-02-24 13:26:29,outfit_puff jacket red,2.82,2.88,3.0,-0.042554460843866604,0.3863168528564414,-0.11015429570109952,-5.450800000000001,36,"(-0.64, 0.0369]",-31.0591
654,2022-03-07 12:08:40,2022-03-27 20:15:14,2.9,2.99,2.45,2.29,1.183673469387755,1.3056768558951966,0.0900000000000003,-0.20899999999999974,38,2022-03-07 11:58:16,1.5067446429662186,0.3230711735784635,20,34,2022-03-06 09:39:25,companion_fukuro,2.9,4.0,4.207,0.3230711735784635,0.14649783767897057,2.205296533362005,-126.4751,26,"(0.953, 10.534]",3.905900000000001
5276,2022-03-04 01:50:26,2022-03-24 06:00:43,2.1,2.6,2.09,2.5,1.0047846889952154,1.04,0.5,0.24,34,2022-03-03 10:41:36,1.0078981574284323,0.003113468433216804,20,31,2022-03-03 10:51:21,headgear_army hat,2.1,3.25,3.4,0.003113468433216804,0.119287326274366,0.026100580258255533,-29.87350000000001,29,"(-0.64, 0.0369]",-30.819100000000002
5395,2022-03-11 03:29:21,2022-03-31 13:22:46,2.24,1.95,2.25,1.99,0.9955555555555556,0.9798994974874372,-0.29000000000000026,-0.48500000000000026,43,2022-03-10 20:06:38,1.1606238380887457,0.16506828253319006,20,38,2022-03-10 20:15:21,outfit_astro,2.24,3.0,3.2,0.16506828253319006,0.14906529018491366,1.1073555911535469,-124.62040000000002,22,"(0.953, 10.534]",3.4209000000000005
5221,2022-02-24 12:40:17,2022-03-18 02:37:33,2.369,2.84,2.4,2.65,0.9870833333333334,1.0716981132075472,0.47099999999999964,0.18699999999999967,22,2022-02-24 08:30:31,1.1787319238419576,0.19164859050862415,21,17,2022-02-24 08:39:18,headgear_goggle black,2.369,3.29,3.33,0.19164859050862415,0.131306280652957,1.4595538732465672,-124.1209,37,"(0.953, 10.534]",3.6079000000000003
193,2022-02-20 16:19:04,2022-03-13 16:49:12,3.79,2.78,3.679,2.7,1.0301712421853766,1.0296296296296295,-1.0100000000000002,-1.2880000000000003,14,2022-02-20 08:34:51,1.1176351296816731,0.08746388749629652,21,9,2022-02-20 08:43:05,outfit_astro,2.15,2.15,2.4,0.08746388749629652,0.9556588485310652,0.0915220819968721,-56.2526,40,"(0.0369, 0.164]",-29.0371
4314,2022-02-26 23:24:14,2022-03-20 07:35:29,3.7769999999999997,2.6,3.73,2.55,1.0126005361930295,1.019607843137255,-1.1769999999999996,-1.4369999999999996,28,2022-02-26 20:55:40,1.121855324417933,0.10925478822490353,21,23,2022-02-26 21:03:38,headgear_beanie,3.0,3.1689999999999996,3.49,0.10925478822490353,0.35901146741424356,0.3043211655934111,-91.74880000000002,34,"(0.164, 0.349]",-11.848799999999999
3330,2022-03-12 02:29:23,2022-04-02 04:58:50,2.48,2.24,2.4,2.089,1.0333333333333334,1.0722833891814267,-0.23999999999999977,-0.4639999999999998,44,2022-03-11 09:47:19,1.045401077512931,0.01206774417959755,21,39,2022-03-11 09:55:51,headgear_bucket hat,2.48,2.59,2.8,0.01206774417959755,0.3255177686641639,0.03707245914445863,-34.82110000000001,21,"(0.0369, 0.164]",-29.501099999999997
5173,2022-02-23 16:40:11,2022-03-18 10:30:06,2.5989999999999998,2.98,2.5989999999999998,2.77,1.0,1.075812274368231,0.3810000000000002,0.08300000000000024,20,2022-02-23 09:16:58,1.0866603670878694,0.0866603670878694,22,15,2022-02-23 09:26:03,headgear_goggle white,2.15,2.4,2.5,0.0866603670878694,0.2537670559993702,0.34149573413534207,-100.15550000000002,37,"(0.164, 0.349]",-11.765799999999999
4931,2022-02-24 19:32:54,2022-03-19 10:51:52,2.75,2.5,2.35,2.5,1.1702127659574468,1.0,-0.25,-0.5,23,2022-02-24 13:18:13,1.0923720790352693,-0.0778406869221775,22,18,2022-02-24 13:26:29,headgear_sushi chef headband,2.4,2.74,2.75,-0.0778406869221775,0.9357089577765979,-0.08318899405124866,-10.0668,36,"(-0.64, 0.0369]",-31.319100000000002
2204,2022-02-24 16:41:39,2022-03-18 23:21:58,2.3,2.64,2.35,2.67,0.978723404255319,0.9887640449438203,0.3400000000000003,0.07600000000000029,23,2022-02-24 13:18:13,0.9992940673545236,0.020570663099204634,22,18,2022-02-24 13:26:29,headgear_bucket hat,2.3,2.8,2.99,0.020570663099204634,0.1685173613523055,0.12206850934604434,-61.798500000000004,36,"(0.0369, 0.164]",-29.425099999999997
4839,2022-02-24 19:30:13,2022-03-20 05:58:40,2.5,2.55,2.35,2.55,1.0638297872340425,1.0,0.04999999999999982,-0.20500000000000018,23,2022-02-24 13:18:13,1.1172847399356582,0.05345495270161571,23,18,2022-02-24 13:26:29,background_ocean,2.5,2.98,3.0,0.05345495270161571,0.19234921186303694,0.2779057537271249,-89.43640000000003,36,"(0.164, 0.349]",-11.970799999999999
4283,2022-03-05 20:42:08,2022-03-30 14:27:59,2.4,2.09,2.4,2.0,1.0,1.045,-0.31000000000000005,-0.519,36,2022-03-05 15:31:23,1.0711597755646831,0.07115977556468311,24,33,2022-03-05 15:40:30,headgear_goggle black,2.4,2.55,2.89,0.07115977556468311,0.29514769279156183,0.24109887118425594,-83.08040000000001,27,"(0.164, 0.349]",-12.489799999999999
2192,2022-02-17 10:49:23,2022-03-13 16:54:40,2.9,2.74,2.89,2.7,1.0034602076124566,1.0148148148148148,-0.1599999999999997,-0.4339999999999997,7,2022-02-17 08:22:24,1.1566271603669167,0.15316695275446013,24,2,2022-02-17 08:30:50,background_fiery,2.9,3.5,3.7889999999999997,0.15316695275446013,0.18819913128149324,0.8138557904678382,-117.89860000000003,44,"(0.349, 0.953]",-11.8544
5348,2022-02-19 14:31:37,2022-03-15 14:53:11,3.95,2.65,3.8,2.8,1.0394736842105263,0.9464285714285715,-1.3000000000000003,-1.5650000000000004,11,2022-02-19 09:23:41,1.0733890869823188,0.0339154027717925,24,6,2022-02-19 09:31:57,background_ocean,3.25,3.85,3.95,0.0339154027717925,0.4592148576619883,0.0738551948089546,-47.5306,42,"(0.0369, 0.164]",-30.990099999999998
1891,2022-02-20 13:41:04,2022-03-16 21:14:20,3.5989999999999998,2.83,3.599,2.825,0.9999999999999999,1.0017699115044247,-0.7689999999999997,-1.0519999999999996,14,2022-02-20 08:34:51,1.0480927816619723,0.048092781661972395,24,9,2022-02-20 08:43:05,mouth_bored,2.28,2.9,3.5989999999999998,0.048092781661972395,0.39732793730094124,0.12104052382691205,-61.874500000000005,41,"(0.0369, 0.164]",-32.0421
1060,2022-02-24 06:07:48,2022-03-22 11:00:14,2.3,2.63,2.19,2.59,1.0502283105022832,1.0154440154440154,0.33000000000000007,0.06700000000000006,21,2022-02-23 22:05:43,1.1696039902284137,0.1193756797261305,26,16,2022-02-23 22:14:22,headgear_horns,2.3,4.0,4.22,0.1193756797261305,0.10976911152118454,1.0875161333804908,-124.24640000000002,37,"(0.953, 10.534]",3.6749000000000005
1660,2022-02-17 07:09:19,2022-03-16 02:13:31,2.98,2.99,2.89,2.7,1.0311418685121108,1.1074074074074074,0.010000000000000231,-0.2889999999999998,6,2022-02-16 23:08:12,1.075930833466483,0.044788964954372235,26,1,2022-02-16 23:18:32,mouth_summer drink,2.98,3.2,3.25,0.044788964954372235,0.2793420973858178,0.16033732607266582,-77.015,44,"(0.0369, 0.164]",-32.3311
4956,2022-02-19 15:00:25,2022-03-18 13:22:53,4.0,3.1,3.86,2.76,1.0362694300518136,1.1231884057971016,-0.8999999999999999,-1.21,11,2022-02-19 09:23:41,1.1421597816797024,0.10589035162788885,26,6,2022-02-19 09:31:57,headgear_pompadour black,3.8,4.0,4.0,0.10589035162788885,0.929496333754913,0.11392229079604925,-60.28660000000001,42,"(0.0369, 0.164]",-33.5411
1355,2022-02-19 00:06:10,2022-03-18 16:50:29,3.0,2.98,2.97,2.69,1.01010101010101,1.1078066914498141,-0.020000000000000018,-0.318,10,2022-02-18 16:06:20,1.1353531125415028,0.1252521024404929,27,5,2022-02-18 16:13:42,background_sunset,2.2,2.27,2.49,0.1252521024404929,0.3485239928013879,0.35937870857536586,-100.47350000000002,42,"(0.349, 0.953]",-12.1724
3379,2022-03-05 08:59:24,2022-04-01 09:05:20,2.48,2.2,2.3,2.1,1.0782608695652174,1.0476190476190477,-0.2799999999999998,-0.49999999999999983,35,2022-03-04 12:24:53,1.214210499683047,0.13594963011782957,27,32,2022-03-04 12:35:29,background_aurora,2.48,3.89,3.99,0.13594963011782957,0.12026808504351977,1.1303882494564983,-125.12040000000002,28,"(0.953, 10.534]",3.1749000000000005
5445,2022-02-19 13:27:02,2022-03-18 15:11:57,8.0,5.19,3.44,2.75,2.3255813953488373,1.8872727272727274,-2.8099999999999996,-3.3289999999999997,11,2022-02-19 09:23:41,2.6344153507044688,0.3088339553556314,27,6,2022-02-19 09:31:57,outfit_mega jacket red,8.0,8.5,8.79,0.3088339553556314,0.35064157099382737,0.8807682285939452,-121.63540000000002,42,"(0.349, 0.953]",-15.5014
4132,2022-03-02 22:37:51,2022-03-31 09:42:06,2.32,2.0,2.15,1.99,1.0790697674418603,1.0050251256281406,-0.31999999999999984,-0.5199999999999998,33,2022-03-02 10:41:16,1.1219739183109274,0.04290415086906707,28,30,2022-03-02 10:51:14,headgear_hair red,2.32,3.2,3.2,0.04290415086906707,0.14078688590696453,0.30474536454637685,-92.26880000000001,30,"(0.164, 0.349]",-13.009799999999998
5126,2022-02-25 11:50:05,2022-03-26 15:59:54,3.2,2.3,2.969,2.3,1.0778039744021557,1.0,-0.9000000000000004,-1.1300000000000003,25,2022-02-25 09:37:59,1.1992846812396867,0.12148070683753098,29,20,2022-02-25 09:46:14,background_ocean,3.2,4.0,4.5,0.12148070683753098,0.17106934799087678,0.7101255032784108,-117.80060000000003,36,"(0.349, 0.953]",-16.6314
1380,2022-02-17 19:13:14,2022-03-20 09:24:40,3.0,2.79,2.7,2.69,1.111111111111111,1.0371747211895912,-0.20999999999999996,-0.489,7,2022-02-17 08:22:24,1.0827134201543351,-0.0283976909567758,30,2,2022-02-17 08:30:50,mouth_lollipop,3.0,3.3989999999999996,3.49,-0.0283976909567758,0.22475855047529597,-0.12634754449485158,-5.1724000000000006,43,"(-0.64, 0.0369]",-31.808100000000003
151,2022-02-27 16:20:04,2022-03-30 23:07:53,2.98,2.0,2.98,1.95,1.0,1.0256410256410258,-0.98,-1.18,29,2022-02-27 08:45:33,1.1527192102782498,0.15271921027824975,31,26,2022-02-27 08:53:19,mouth_flower,2.9,2.98,2.99,0.15271921027824975,0.5835293431457554,0.2617164193576863,-85.41940000000002,33,"(0.164, 0.349]",-14.189799999999998
3640,2022-02-19 13:29:41,2022-03-23 09:33:56,3.45,2.5,3.44,2.5,1.002906976744186,1.0,-0.9500000000000002,-1.2000000000000002,11,2022-02-19 09:23:41,1.056347093697529,0.05344011695334294,31,6,2022-02-19 09:31:57,headgear_sushi chef headband,2.85,3.29,3.3,0.05344011695334294,0.9474764756980143,0.0564025791922413,-42.493100000000005,42,"(0.0369, 0.164]",-34.7411
5488,2022-02-26 23:07:53,2022-03-31 04:16:06,3.97,2.29,3.49,1.95,1.1375358166189111,1.1743589743589744,-1.6800000000000002,-1.9090000000000003,28,2022-02-26 20:55:40,1.309801241302164,0.1722654246832529,32,23,2022-02-26 21:03:38,eyes_laser,3.4,3.5,3.65,0.1722654246832529,0.5474038768023776,0.3146952953448734,-97.05770000000001,34,"(0.164, 0.349]",-16.098799999999997
2681,2022-02-19 15:42:49,2022-03-24 04:14:42,3.8,2.65,3.8,2.5,1.0,1.06,-1.15,-1.415,11,2022-02-19 09:23:41,1.040703328968697,0.040703328968697106,32,6,2022-02-19 09:31:57,headgear_cat ears,2.9,2.98,3.49,0.040703328968697106,0.42002447156589956,0.09690704167057318,-57.6266,42,"(0.0369, 0.164]",-36.1561
1329,2022-02-19 04:03:36,2022-03-24 04:19:04,3.1,2.7,2.97,2.5,1.0437710437710437,1.08,-0.3999999999999999,-0.6699999999999999,10,2022-02-18 16:06:20,1.142216249886807,0.09844520611576324,33,5,2022-02-18 16:13:42,background_sunset,2.2,2.27,2.49,0.09844520611576324,0.9502880016546019,0.10359512689243108,-58.296600000000005,42,"(0.0369, 0.164]",-36.826100000000004
5393,2022-02-25 10:26:39,2022-03-31 19:55:03,3.3,2.19,2.94,1.9,1.1224489795918366,1.1526315789473685,-1.1099999999999999,-1.329,25,2022-02-25 09:37:59,1.0842109569067708,-0.03823802268506582,34,20,2022-02-25 09:46:14,headgear_none,3.3,3.59,3.69,-0.03823802268506582,0.9293260073890175,-0.04114597286747332,-11.840300000000001,36,"(-0.64, 0.0369]",-33.137100000000004
918,2022-02-17 14:32:30,2022-03-23 20:05:27,2.89,2.65,2.85,2.55,1.0140350877192983,1.0392156862745099,-0.2400000000000002,-0.5050000000000002,7,2022-02-17 08:22:24,1.1534136089960993,0.13937852127680106,34,2,2022-02-17 08:30:50,background_aurora,2.89,3.25,3.49,0.13937852127680106,0.23137126555461626,0.6024020352860114,-116.51460000000003,44,"(0.349, 0.953]",-17.1364
1598,2022-02-21 04:34:45,2022-03-27 19:43:41,3.49,2.1,3.49,2.22,1.0,0.9459459459459459,-1.3900000000000001,-1.6,15,2022-02-20 23:21:24,1.0779427954291887,0.0779427954291887,34,10,2022-02-20 23:29:29,headgear_hypebeast black,3.45,3.49,3.9,0.0779427954291887,0.2485194162836359,0.31362859528139386,-93.8947,40,"(0.164, 0.349]",-17.6988
3578,2022-02-17 08:35:35,2022-03-25 02:24:52,2.89,2.5,2.89,2.399,1.0,1.0421008753647354,-0.3900000000000001,-0.6400000000000001,7,2022-02-17 08:22:24,1.057180339766242,0.05718033976624204,35,2,2022-02-17 08:30:50,mouth_soda,2.89,3.0,3.2,0.05718033976624204,0.3437182427028052,0.16635817557022373,-76.5276,44,"(0.164, 0.349]",-18.3388
5005,2022-02-25 15:30:22,2022-04-02 12:19:13,3.09,2.195,3.03,2.194,1.0198019801980198,1.0004557885141294,-0.895,-1.1145,25,2022-02-25 09:37:59,1.1184693082284372,0.09866732803041733,35,20,2022-02-25 09:46:14,headgear_spinner hat,3.09,3.4,3.6,0.09866732803041733,0.25245641842683403,0.3908291523949221,-106.88900000000002,36,"(0.349, 0.953]",-18.250899999999998
1613,2022-02-26 05:46:19,2022-04-02 12:57:48,3.2,2.2,2.99,2.2,1.0702341137123745,1.0,-1.0,-1.22,26,2022-02-25 15:52:49,1.0571510513113076,-0.013083062401066936,35,21,2022-02-25 16:01:12,headgear_goggle white,2.58,2.9989999999999997,3.0,-0.013083062401066936,0.45273738910076367,-0.028897684874343566,-15.072300000000002,35,"(-0.64, 0.0369]",-34.3571
3670,2022-02-25 17:05:21,2022-04-02 08:34:03,3.4,2.6,2.99,2.089,1.137123745819398,1.244614648157013,-0.7999999999999998,-1.0599999999999998,26,2022-02-25 15:52:49,1.3234734292377897,0.18634968341839175,35,21,2022-02-25 16:01:12,mouth_hypebeast mask,3.2,3.4,3.43,0.18634968341839175,0.4792454904742032,0.38883972227678704,-105.77450000000002,35,"(0.349, 0.953]",-19.310899999999997
2766,2022-02-24 00:23:55,2022-04-01 06:03:28,2.3,2.3,2.28,1.95,1.0087719298245614,1.1794871794871795,0.0,-0.22999999999999998,21,2022-02-23 22:05:43,1.256955953457282,0.24818402363272063,36,16,2022-02-23 22:14:22,mouth_mask,2.3,4.65,4.75,0.24818402363272063,0.10271062160646008,2.4163423388055016,-126.7051,37,"(0.953, 10.534]",2.9449000000000005
1422,2022-02-20 18:00:44,2022-03-29 03:49:33,5.0,3.0,3.75,2.15,1.3333333333333333,1.3953488372093024,-2.0,-2.3,14,2022-02-20 08:34:51,1.6802101133750984,0.34687678004176514,36,9,2022-02-20 08:43:05,outfit_king's robe,3.0,4.0,5.0,0.34687678004176514,0.17497019707134492,1.982490651824119,-127.0673,40,"(0.953, 10.534]",0.6449000000000007
5406,2022-02-18 02:07:28,2022-03-27 02:04:16,3.4,2.475,2.98,2.4075,1.1409395973154361,1.02803738317757,-0.9249999999999998,-1.1724999999999999,8,2022-02-17 20:12:21,1.1921836574634856,0.0512440601480495,36,3,2022-02-17 20:21:14,background_ocean,2.8789999999999996,3.0,3.0,0.0512440601480495,0.3351791870872424,0.1528855672494706,-73.114,43,"(0.0369, 0.164]",-37.9986
2690,2022-02-24 00:40:26,2022-04-01 01:53:08,2.4,2.09,2.5,1.95,0.96,1.0717948717948718,-0.31000000000000005,-0.519,21,2022-02-23 22:05:43,1.0612770904860442,0.10127709048604427,36,16,2022-02-23 22:14:22,background_summer,2.4,3.95,4.25,0.10127709048604427,0.09346873022606092,1.083539813166374,-124.31340000000002,37,"(0.953, 10.534]",0.12590000000000068
4790,2022-02-19 12:40:38,2022-03-29 04:42:09,3.45,2.44,3.3,2.18,1.0454545454545456,1.1192660550458715,-1.0100000000000002,-1.2540000000000002,11,2022-02-19 09:23:41,1.1468336155488823,0.10137907009433667,37,6,2022-02-19 09:31:57,background_sunset,3.2,3.3,3.33,0.10137907009433667,0.32251524324347625,0.3143388482193464,-95.1487,42,"(0.164, 0.349]",-19.5928
591,2022-02-20 15:50:39,2022-03-30 14:14:29,3.675,2.0,3.675,2.0,1.0,1.0,-1.6749999999999998,-1.8749999999999998,14,2022-02-20 08:34:51,1.0466396103782734,0.046639610378273355,37,9,2022-02-20 08:43:05,headgear_sushi chef headband,2.29,2.55,2.555,0.046639610378273355,0.9474457493498549,0.04922668174961768,-39.73910000000001,41,"(0.0369, 0.164]",-39.8736
3147,2022-02-18 06:44:46,2022-03-28 11:29:09,3.0,2.2,2.9,2.2,1.0344827586206897,1.0,-0.7999999999999998,-1.0199999999999998,8,2022-02-17 20:12:21,1.1085595162898403,0.07407675766915056,38,3,2022-02-17 20:21:14,headgear_horns,3.0,3.0,4.0,0.07407675766915056,0.9270292512372181,0.07990768098232859,-51.7496,43,"(0.0369, 0.164]",-40.893600000000006
5161,2022-02-20 12:53:58,2022-03-31 22:31:16,3.5989999999999998,2.0,3.5989999999999998,1.96,1.0,1.0204081632653061,-1.5989999999999998,-1.7989999999999997,14,2022-02-20 08:34:51,1.1166070501949446,0.11660705019494455,39,9,2022-02-20 08:43:05,skin_leopard,2.19,2.22,2.3,0.11660705019494455,0.9497635601529316,0.12277482005749768,-63.597500000000004,41,"(0.0369, 0.164]",-42.692600000000006
5494,2022-02-19 13:34:58,2022-03-31 10:49:31,3.8,2.02,3.44,1.99,1.1046511627906976,1.015075376884422,-1.7799999999999998,-1.9819999999999998,11,2022-02-19 09:23:41,1.2221221372321383,0.11747097444144061,39,6,2022-02-19 09:31:57,mouth_mask,3.4,3.8,4.2,0.11747097444144061,0.25233310735552195,0.46553928524302274,-112.70560000000003,42,"(0.349, 0.953]",-21.292899999999996
537,2022-02-19 14:38:32,2022-03-30 23:40:29,3.8,1.85,3.79,1.85,1.0026385224274406,1.0,-1.9499999999999997,-2.135,11,2022-02-19 09:23:41,1.0946991483487847,0.09206062592134412,39,6,2022-02-19 09:31:57,outfit_astro,3.3,3.697,3.8,0.09206062592134412,0.3461779340768505,0.26593441366169496,-87.55440000000003,42,"(0.164, 0.349]",-21.727800000000002
2279,2022-02-17 10:43:29,2022-03-31 01:42:54,3.25,2.08,2.89,1.95,1.1245674740484428,1.0666666666666667,-1.17,-1.378,7,2022-02-17 08:22:24,1.2141545620831167,0.08958708803467386,41,2,2022-02-17 08:30:50,outfit_turtleneck,3.25,3.49,3.59,0.08958708803467386,0.27358142934672086,0.3274604137005824,-100.23850000000002,44,"(0.164, 0.349]",-23.105800000000002
